DATASET,TRAINING_RELEASES,TRAINING_INSTANCES,CLASSIFIER,FEATURE_SELECTION,BALANCING,COST_SENSITIVE,PRECISION,RECALL,AUC,KAPPA,TRUE_POSITIVE,FALSE_POSITIVE,TRUE_NEGATIVE,FALSE_NEGATIVE
BOOKKEEPER,1,43.67245657568238,IBK,BEST_FIRST_FORWARD,NONE,SENSITIVE_LEARNING,NaN,0.0,0.5,0.0,0.0,0.0,141.0,86.0
BOOKKEEPER,1,43.67245657568238,IBK,BEST_FIRST_FORWARD,NONE,NONE,NaN,0.0,0.6585023915553356,0.0,0.0,0.0,141.0,86.0
BOOKKEEPER,1,43.67245657568238,IBK,BEST_FIRST_FORWARD,OVERSAMPLING,SENSITIVE_LEARNING,NaN,0.0,0.5,0.0,0.0,0.0,141.0,86.0
BOOKKEEPER,1,43.67245657568238,IBK,BEST_FIRST_FORWARD,OVERSAMPLING,NONE,NaN,0.0,0.607125185551707,0.0,0.0,0.0,141.0,86.0
BOOKKEEPER,1,43.67245657568238,IBK,BEST_FIRST_FORWARD,SMOTE,SENSITIVE_LEARNING,NaN,0.0,0.5,0.0,0.0,0.0,141.0,86.0
BOOKKEEPER,1,43.67245657568238,IBK,BEST_FIRST_FORWARD,SMOTE,NONE,NaN,0.0,0.6585023915553356,0.0,0.0,0.0,141.0,86.0
BOOKKEEPER,1,43.67245657568238,IBK,BEST_FIRST_FORWARD,UNDERSAMPLING,SENSITIVE_LEARNING,NaN,0.0,0.5,0.0,0.0,0.0,141.0,86.0
BOOKKEEPER,1,43.67245657568238,IBK,BEST_FIRST_FORWARD,UNDERSAMPLING,NONE,NaN,0.0,0.6585023915553356,0.0,0.0,0.0,141.0,86.0
BOOKKEEPER,1,43.67245657568238,IBK,BEST_FIRST_BACKWARD,NONE,SENSITIVE_LEARNING,NaN,0.0,0.5,0.0,0.0,0.0,141.0,86.0
BOOKKEEPER,1,43.67245657568238,IBK,BEST_FIRST_BACKWARD,NONE,NONE,NaN,0.0,0.6585023915553356,0.0,0.0,0.0,141.0,86.0
BOOKKEEPER,1,43.67245657568238,IBK,BEST_FIRST_BACKWARD,OVERSAMPLING,SENSITIVE_LEARNING,NaN,0.0,0.5,0.0,0.0,0.0,141.0,86.0
BOOKKEEPER,1,43.67245657568238,IBK,BEST_FIRST_BACKWARD,OVERSAMPLING,NONE,NaN,0.0,0.607125185551707,0.0,0.0,0.0,141.0,86.0
BOOKKEEPER,1,43.67245657568238,IBK,BEST_FIRST_BACKWARD,SMOTE,SENSITIVE_LEARNING,NaN,0.0,0.5,0.0,0.0,0.0,141.0,86.0
BOOKKEEPER,1,43.67245657568238,IBK,BEST_FIRST_BACKWARD,SMOTE,NONE,NaN,0.0,0.6585023915553356,0.0,0.0,0.0,141.0,86.0
BOOKKEEPER,1,43.67245657568238,IBK,BEST_FIRST_BACKWARD,UNDERSAMPLING,SENSITIVE_LEARNING,NaN,0.0,0.5,0.0,0.0,0.0,141.0,86.0
BOOKKEEPER,1,43.67245657568238,IBK,BEST_FIRST_BACKWARD,UNDERSAMPLING,NONE,NaN,0.0,0.6585023915553356,0.0,0.0,0.0,141.0,86.0
BOOKKEEPER,1,43.67245657568238,IBK,NONE,NONE,SENSITIVE_LEARNING,NaN,0.0,0.5,0.0,0.0,0.0,141.0,86.0
BOOKKEEPER,1,43.67245657568238,IBK,NONE,NONE,NONE,NaN,0.0,0.5073808345703447,0.0,0.0,0.0,141.0,86.0
BOOKKEEPER,1,43.67245657568238,IBK,NONE,OVERSAMPLING,SENSITIVE_LEARNING,NaN,0.0,0.5,0.0,0.0,0.0,141.0,86.0
BOOKKEEPER,1,43.67245657568238,IBK,NONE,OVERSAMPLING,NONE,NaN,0.0,0.607537522678542,0.0,0.0,0.0,141.0,86.0
BOOKKEEPER,1,43.67245657568238,IBK,NONE,SMOTE,SENSITIVE_LEARNING,NaN,0.0,0.5,0.0,0.0,0.0,141.0,86.0
BOOKKEEPER,1,43.67245657568238,IBK,NONE,SMOTE,NONE,NaN,0.0,0.5073808345703447,0.0,0.0,0.0,141.0,86.0
BOOKKEEPER,1,43.67245657568238,IBK,NONE,UNDERSAMPLING,SENSITIVE_LEARNING,NaN,0.0,0.5,0.0,0.0,0.0,141.0,86.0
BOOKKEEPER,1,43.67245657568238,IBK,NONE,UNDERSAMPLING,NONE,NaN,0.0,0.5073808345703447,0.0,0.0,0.0,141.0,86.0
BOOKKEEPER,2,56.44257703081232,IBK,BEST_FIRST_FORWARD,NONE,SENSITIVE_LEARNING,0.14285714285714285,0.016666666666666666,0.49638114209827355,-0.010901635245287066,1.0,6.0,245.0,59.0
BOOKKEEPER,2,56.44257703081232,IBK,BEST_FIRST_FORWARD,NONE,NONE,0.14285714285714285,0.016666666666666666,0.5635458167330677,-0.010901635245287066,1.0,6.0,245.0,59.0
BOOKKEEPER,2,56.44257703081232,IBK,BEST_FIRST_FORWARD,OVERSAMPLING,SENSITIVE_LEARNING,0.2,0.05,0.5010956175298805,0.0030662020905921185,3.0,12.0,239.0,57.0
BOOKKEEPER,2,56.44257703081232,IBK,BEST_FIRST_FORWARD,OVERSAMPLING,NONE,0.2,0.05,0.5346613545816733,0.0030662020905921185,3.0,12.0,239.0,57.0
BOOKKEEPER,2,56.44257703081232,IBK,BEST_FIRST_FORWARD,SMOTE,SENSITIVE_LEARNING,0.21428571428571427,0.05,0.5030876494023905,0.008718477547576344,3.0,11.0,240.0,57.0
BOOKKEEPER,2,56.44257703081232,IBK,BEST_FIRST_FORWARD,SMOTE,NONE,0.21428571428571427,0.05,0.6249003984063745,0.008718477547576344,3.0,11.0,240.0,57.0
BOOKKEEPER,2,56.44257703081232,IBK,BEST_FIRST_FORWARD,UNDERSAMPLING,SENSITIVE_LEARNING,0.3424657534246575,0.4166666666666667,0.6127158034528553,0.20826304327822587,25.0,48.0,203.0,35.0
BOOKKEEPER,2,56.44257703081232,IBK,BEST_FIRST_FORWARD,UNDERSAMPLING,NONE,0.3424657534246575,0.4166666666666667,0.6173638778220452,0.20826304327822587,25.0,48.0,203.0,35.0
BOOKKEEPER,2,56.44257703081232,IBK,BEST_FIRST_BACKWARD,NONE,SENSITIVE_LEARNING,0.14285714285714285,0.016666666666666666,0.49638114209827355,-0.010901635245287066,1.0,6.0,245.0,59.0
BOOKKEEPER,2,56.44257703081232,IBK,BEST_FIRST_BACKWARD,NONE,NONE,0.14285714285714285,0.016666666666666666,0.5635458167330677,-0.010901635245287066,1.0,6.0,245.0,59.0
BOOKKEEPER,2,56.44257703081232,IBK,BEST_FIRST_BACKWARD,OVERSAMPLING,SENSITIVE_LEARNING,0.2,0.05,0.5010956175298805,0.0030662020905921185,3.0,12.0,239.0,57.0
BOOKKEEPER,2,56.44257703081232,IBK,BEST_FIRST_BACKWARD,OVERSAMPLING,NONE,0.2,0.05,0.5360889774236388,0.0030662020905921185,3.0,12.0,239.0,57.0
BOOKKEEPER,2,56.44257703081232,IBK,BEST_FIRST_BACKWARD,SMOTE,SENSITIVE_LEARNING,0.21428571428571427,0.05,0.5030876494023905,0.008718477547576344,3.0,11.0,240.0,57.0
BOOKKEEPER,2,56.44257703081232,IBK,BEST_FIRST_BACKWARD,SMOTE,NONE,0.21428571428571427,0.05,0.6249003984063745,0.008718477547576344,3.0,11.0,240.0,57.0
BOOKKEEPER,2,56.44257703081232,IBK,BEST_FIRST_BACKWARD,UNDERSAMPLING,SENSITIVE_LEARNING,0.3287671232876712,0.4,0.602390438247012,0.18918504432107455,24.0,49.0,202.0,36.0
BOOKKEEPER,2,56.44257703081232,IBK,BEST_FIRST_BACKWARD,UNDERSAMPLING,NONE,0.3287671232876712,0.4,0.6071713147410358,0.18918504432107455,24.0,49.0,202.0,36.0
BOOKKEEPER,2,56.44257703081232,IBK,NONE,NONE,SENSITIVE_LEARNING,0.125,0.016666666666666666,0.4943891102257636,-0.016742619377848416,1.0,7.0,244.0,59.0
BOOKKEEPER,2,56.44257703081232,IBK,NONE,NONE,NONE,0.125,0.016666666666666666,0.5596945551128818,-0.016742619377848416,1.0,7.0,244.0,59.0
BOOKKEEPER,2,56.44257703081232,IBK,NONE,OVERSAMPLING,SENSITIVE_LEARNING,0.25,0.06666666666666667,0.5094289508632138,0.026155829802910358,4.0,12.0,239.0,56.0
BOOKKEEPER,2,56.44257703081232,IBK,NONE,OVERSAMPLING,NONE,0.25,0.06666666666666667,0.5568393094289509,0.026155829802910358,4.0,12.0,239.0,56.0
BOOKKEEPER,2,56.44257703081232,IBK,NONE,SMOTE,SENSITIVE_LEARNING,0.17647058823529413,0.05,0.49711155378486055,-0.007942666727530074,3.0,14.0,237.0,57.0
BOOKKEEPER,2,56.44257703081232,IBK,NONE,SMOTE,NONE,0.17647058823529413,0.05,0.5600929614873837,-0.007942666727530074,3.0,14.0,237.0,57.0
BOOKKEEPER,2,56.44257703081232,IBK,NONE,UNDERSAMPLING,SENSITIVE_LEARNING,0.2786885245901639,0.2833333333333333,0.5540172642762284,0.10735376595955282,17.0,44.0,207.0,43.0
BOOKKEEPER,2,56.44257703081232,IBK,NONE,UNDERSAMPLING,NONE,0.2786885245901639,0.2833333333333333,0.5597277556440903,0.10735376595955282,17.0,44.0,207.0,43.0
BOOKKEEPER,3,66.66666666666667,IBK,BEST_FIRST_FORWARD,NONE,SENSITIVE_LEARNING,0.22105263157894736,0.44680851063829785,0.6040494166094715,0.14519682022794747,21.0,74.0,236.0,26.0
BOOKKEEPER,3,66.66666666666667,IBK,BEST_FIRST_FORWARD,NONE,NONE,0.25925925925925924,0.44680851063829785,0.7007206588881263,0.1937923428391364,21.0,60.0,250.0,26.0
BOOKKEEPER,3,66.66666666666667,IBK,BEST_FIRST_FORWARD,OVERSAMPLING,SENSITIVE_LEARNING,0.25,0.574468085106383,0.656588881262869,0.20197862027753802,27.0,81.0,229.0,20.0
BOOKKEEPER,3,66.66666666666667,IBK,BEST_FIRST_FORWARD,OVERSAMPLING,NONE,0.25471698113207547,0.574468085106383,0.7076183939601922,0.208567525807824,27.0,79.0,231.0,20.0
BOOKKEEPER,3,66.66666666666667,IBK,BEST_FIRST_FORWARD,SMOTE,SENSITIVE_LEARNING,0.12987012987012986,0.2127659574468085,0.498318462594372,-0.0026465028355384954,10.0,67.0,243.0,37.0
BOOKKEEPER,3,66.66666666666667,IBK,BEST_FIRST_FORWARD,SMOTE,NONE,0.15625,0.2127659574468085,0.6420041180507893,0.03344143286424104,10.0,54.0,256.0,37.0
BOOKKEEPER,3,66.66666666666667,IBK,BEST_FIRST_FORWARD,UNDERSAMPLING,SENSITIVE_LEARNING,0.1986754966887417,0.6382978723404256,0.6239876458476321,0.12791191673157262,30.0,121.0,189.0,17.0
BOOKKEEPER,3,66.66666666666667,IBK,BEST_FIRST_FORWARD,UNDERSAMPLING,NONE,0.20408163265306123,0.6382978723404256,0.653054221002059,0.1371212121212122,30.0,117.0,193.0,17.0
BOOKKEEPER,3,66.66666666666667,IBK,BEST_FIRST_BACKWARD,NONE,SENSITIVE_LEARNING,0.20224719101123595,0.3829787234042553,0.5769732326698696,0.1116309162394865,18.0,71.0,239.0,29.0
BOOKKEEPER,3,66.66666666666667,IBK,BEST_FIRST_BACKWARD,NONE,NONE,0.24,0.3829787234042553,0.6854838709677419,0.15894148586456272,18.0,57.0,253.0,29.0
BOOKKEEPER,3,66.66666666666667,IBK,BEST_FIRST_BACKWARD,OVERSAMPLING,SENSITIVE_LEARNING,0.25,0.574468085106383,0.656588881262869,0.20197862027753802,27.0,81.0,229.0,20.0
BOOKKEEPER,3,66.66666666666667,IBK,BEST_FIRST_BACKWARD,OVERSAMPLING,NONE,0.25471698113207547,0.574468085106383,0.7076183939601922,0.208567525807824,27.0,79.0,231.0,20.0
BOOKKEEPER,3,66.66666666666667,IBK,BEST_FIRST_BACKWARD,SMOTE,SENSITIVE_LEARNING,0.12987012987012986,0.2127659574468085,0.498318462594372,-0.0026465028355384954,10.0,67.0,243.0,37.0
BOOKKEEPER,3,66.66666666666667,IBK,BEST_FIRST_BACKWARD,SMOTE,NONE,0.15625,0.2127659574468085,0.6420041180507893,0.03344143286424104,10.0,54.0,256.0,37.0
BOOKKEEPER,3,66.66666666666667,IBK,BEST_FIRST_BACKWARD,UNDERSAMPLING,SENSITIVE_LEARNING,0.19727891156462585,0.6170212765957447,0.618188057652711,0.12424242424242436,29.0,118.0,192.0,18.0
BOOKKEEPER,3,66.66666666666667,IBK,BEST_FIRST_BACKWARD,UNDERSAMPLING,NONE,0.20279720279720279,0.6170212765957447,0.6487989018531228,0.13355887328087074,29.0,114.0,196.0,18.0
BOOKKEEPER,3,66.66666666666667,IBK,NONE,NONE,SENSITIVE_LEARNING,0.15789473684210525,0.2553191489361702,0.5244337680164722,0.03873038322408687,12.0,64.0,246.0,35.0
BOOKKEEPER,3,66.66666666666667,IBK,NONE,NONE,NONE,0.1935483870967742,0.2553191489361702,0.6624227865477007,0.08281698654979584,12.0,50.0,260.0,35.0
BOOKKEEPER,3,66.66666666666667,IBK,NONE,OVERSAMPLING,SENSITIVE_LEARNING,0.16666666666666666,0.2765957446808511,0.5334591626630062,0.05228863325557086,13.0,65.0,245.0,34.0
BOOKKEEPER,3,66.66666666666667,IBK,NONE,OVERSAMPLING,NONE,0.17105263157894737,0.2765957446808511,0.6362731640356898,0.05814997144178201,13.0,63.0,247.0,34.0
BOOKKEEPER,3,66.66666666666667,IBK,NONE,SMOTE,SENSITIVE_LEARNING,0.14457831325301204,0.2553191489361702,0.513143445435827,0.01984044757563176,12.0,71.0,239.0,35.0
BOOKKEEPER,3,66.66666666666667,IBK,NONE,SMOTE,NONE,0.17142857142857143,0.2553191489361702,0.6480439258750857,0.0564949273920828,12.0,58.0,252.0,35.0
BOOKKEEPER,3,66.66666666666667,IBK,NONE,UNDERSAMPLING,SENSITIVE_LEARNING,0.16783216783216784,0.5106382978723404,0.5633836650652024,0.06791939398396697,24.0,119.0,191.0,23.0
BOOKKEEPER,3,66.66666666666667,IBK,NONE,UNDERSAMPLING,NONE,0.17142857142857143,0.5106382978723404,0.5990391214824983,0.07418048844194859,24.0,116.0,194.0,23.0
BOOKKEEPER,4,73.96408839779005,IBK,BEST_FIRST_FORWARD,NONE,SENSITIVE_LEARNING,0.16417910447761194,0.275,0.5544139465875371,0.08387889876783235,11.0,56.0,281.0,29.0
BOOKKEEPER,4,73.96408839779005,IBK,BEST_FIRST_FORWARD,NONE,NONE,0.3235294117647059,0.275,0.6830860534124629,0.22138374771625988,11.0,23.0,314.0,29.0
BOOKKEEPER,4,73.96408839779005,IBK,BEST_FIRST_FORWARD,OVERSAMPLING,SENSITIVE_LEARNING,0.18604651162790697,0.4,0.5961424332344214,0.12761557776574287,16.0,70.0,267.0,24.0
BOOKKEEPER,4,73.96408839779005,IBK,BEST_FIRST_FORWARD,OVERSAMPLING,NONE,0.22857142857142856,0.4,0.7179525222551929,0.18020630052969067,16.0,54.0,283.0,24.0
BOOKKEEPER,4,73.96408839779005,IBK,BEST_FIRST_FORWARD,SMOTE,SENSITIVE_LEARNING,0.18666666666666668,0.35,0.5844955489614243,0.12196493106679186,14.0,61.0,276.0,26.0
BOOKKEEPER,4,73.96408839779005,IBK,BEST_FIRST_FORWARD,SMOTE,NONE,0.3181818181818182,0.35,0.7048590504451039,0.249964473497229,14.0,30.0,307.0,26.0
BOOKKEEPER,4,73.96408839779005,IBK,BEST_FIRST_FORWARD,UNDERSAMPLING,SENSITIVE_LEARNING,0.14782608695652175,0.425,0.5670994065281899,0.07348430994211437,17.0,98.0,239.0,23.0
BOOKKEEPER,4,73.96408839779005,IBK,BEST_FIRST_FORWARD,UNDERSAMPLING,NONE,0.1827956989247312,0.425,0.6494807121661721,0.12594552820777033,17.0,76.0,261.0,23.0
BOOKKEEPER,4,73.96408839779005,IBK,BEST_FIRST_BACKWARD,NONE,SENSITIVE_LEARNING,0.16417910447761194,0.275,0.5544139465875371,0.08387889876783235,11.0,56.0,281.0,29.0
BOOKKEEPER,4,73.96408839779005,IBK,BEST_FIRST_BACKWARD,NONE,NONE,0.3235294117647059,0.275,0.6830860534124629,0.22138374771625988,11.0,23.0,314.0,29.0
BOOKKEEPER,4,73.96408839779005,IBK,BEST_FIRST_BACKWARD,OVERSAMPLING,SENSITIVE_LEARNING,0.18604651162790697,0.4,0.5961424332344214,0.12761557776574287,16.0,70.0,267.0,24.0
BOOKKEEPER,4,73.96408839779005,IBK,BEST_FIRST_BACKWARD,OVERSAMPLING,NONE,0.22857142857142856,0.4,0.7179525222551929,0.18020630052969067,16.0,54.0,283.0,24.0
BOOKKEEPER,4,73.96408839779005,IBK,BEST_FIRST_BACKWARD,SMOTE,SENSITIVE_LEARNING,0.18666666666666668,0.35,0.5844955489614243,0.12196493106679186,14.0,61.0,276.0,26.0
BOOKKEEPER,4,73.96408839779005,IBK,BEST_FIRST_BACKWARD,SMOTE,NONE,0.3181818181818182,0.35,0.7048590504451039,0.249964473497229,14.0,30.0,307.0,26.0
BOOKKEEPER,4,73.96408839779005,IBK,BEST_FIRST_BACKWARD,UNDERSAMPLING,SENSITIVE_LEARNING,0.14782608695652175,0.425,0.5670994065281899,0.07348430994211437,17.0,98.0,239.0,23.0
BOOKKEEPER,4,73.96408839779005,IBK,BEST_FIRST_BACKWARD,UNDERSAMPLING,NONE,0.1827956989247312,0.425,0.6494807121661721,0.12594552820777033,17.0,76.0,261.0,23.0
BOOKKEEPER,4,73.96408839779005,IBK,NONE,NONE,SENSITIVE_LEARNING,0.19718309859154928,0.35,0.5904302670623145,0.13481903392595476,14.0,57.0,280.0,26.0
BOOKKEEPER,4,73.96408839779005,IBK,NONE,NONE,NONE,0.358974358974359,0.35,0.7136127596439169,0.27888834714773286,14.0,25.0,312.0,26.0
BOOKKEEPER,4,73.96408839779005,IBK,NONE,OVERSAMPLING,SENSITIVE_LEARNING,0.1827956989247312,0.425,0.5997403560830861,0.12594552820777033,17.0,76.0,261.0,23.0
BOOKKEEPER,4,73.96408839779005,IBK,NONE,OVERSAMPLING,NONE,0.22077922077922077,0.425,0.6824183976261128,0.17544599330680646,17.0,60.0,277.0,23.0
BOOKKEEPER,4,73.96408839779005,IBK,NONE,SMOTE,SENSITIVE_LEARNING,0.18666666666666668,0.35,0.5844955489614243,0.12196493106679186,14.0,61.0,276.0,26.0
BOOKKEEPER,4,73.96408839779005,IBK,NONE,SMOTE,NONE,0.3181818181818182,0.35,0.7048590504451039,0.249964473497229,14.0,30.0,307.0,26.0
BOOKKEEPER,4,73.96408839779005,IBK,NONE,UNDERSAMPLING,SENSITIVE_LEARNING,0.15,0.45,0.5736646884272997,0.07831230283911675,18.0,102.0,235.0,22.0
BOOKKEEPER,4,73.96408839779005,IBK,NONE,UNDERSAMPLING,NONE,0.1836734693877551,0.45,0.6540430267062315,0.12972434707826008,18.0,80.0,257.0,22.0
BOOKKEEPER,5,77.89133942980096,IBK,BEST_FIRST_FORWARD,NONE,SENSITIVE_LEARNING,0.2361111111111111,0.3269230769230769,0.5868598671523463,0.14918575765939845,17.0,55.0,304.0,35.0
BOOKKEEPER,5,77.89133942980096,IBK,BEST_FIRST_FORWARD,NONE,NONE,0.5714285714285714,0.3076923076923077,0.740625669595029,0.3416978109983985,16.0,12.0,347.0,36.0
BOOKKEEPER,5,77.89133942980096,IBK,BEST_FIRST_FORWARD,OVERSAMPLING,SENSITIVE_LEARNING,0.20224719101123595,0.34615384615384615,0.5741911292050568,0.11376938083992187,18.0,71.0,288.0,34.0
BOOKKEEPER,5,77.89133942980096,IBK,BEST_FIRST_FORWARD,OVERSAMPLING,NONE,0.2608695652173913,0.34615384615384615,0.7065566745232483,0.17906238984843165,18.0,51.0,308.0,34.0
BOOKKEEPER,5,77.89133942980096,IBK,BEST_FIRST_FORWARD,SMOTE,SENSITIVE_LEARNING,0.2857142857142857,0.4230769230769231,0.6349367902292693,0.22385639066006097,22.0,55.0,304.0,30.0
BOOKKEEPER,5,77.89133942980096,IBK,BEST_FIRST_FORWARD,SMOTE,NONE,0.6,0.40384615384615385,0.771346689522177,0.4241367500077842,21.0,14.0,345.0,31.0
BOOKKEEPER,5,77.89133942980096,IBK,BEST_FIRST_FORWARD,UNDERSAMPLING,SENSITIVE_LEARNING,0.23648648648648649,0.6730769230769231,0.6791568459395757,0.2002454795832835,35.0,113.0,246.0,17.0
BOOKKEEPER,5,77.89133942980096,IBK,BEST_FIRST_FORWARD,UNDERSAMPLING,NONE,0.26515151515151514,0.6730769230769231,0.7324030426398115,0.24302055060100822,35.0,97.0,262.0,17.0
BOOKKEEPER,5,77.89133942980096,IBK,BEST_FIRST_BACKWARD,NONE,SENSITIVE_LEARNING,0.2361111111111111,0.3269230769230769,0.5868598671523463,0.14918575765939845,17.0,55.0,304.0,35.0
BOOKKEEPER,5,77.89133942980096,IBK,BEST_FIRST_BACKWARD,NONE,NONE,0.5714285714285714,0.3076923076923077,0.740625669595029,0.3416978109983985,16.0,12.0,347.0,36.0
BOOKKEEPER,5,77.89133942980096,IBK,BEST_FIRST_BACKWARD,OVERSAMPLING,SENSITIVE_LEARNING,0.20238095238095238,0.3269230769230769,0.5701467752303407,0.11106870229007623,17.0,67.0,292.0,35.0
BOOKKEEPER,5,77.89133942980096,IBK,BEST_FIRST_BACKWARD,OVERSAMPLING,NONE,0.265625,0.3269230769230769,0.7061013499035783,0.17840078010726493,17.0,47.0,312.0,35.0
BOOKKEEPER,5,77.89133942980096,IBK,BEST_FIRST_BACKWARD,SMOTE,SENSITIVE_LEARNING,0.2857142857142857,0.4230769230769231,0.6349367902292693,0.22385639066006097,22.0,55.0,304.0,30.0
BOOKKEEPER,5,77.89133942980096,IBK,BEST_FIRST_BACKWARD,SMOTE,NONE,0.6,0.40384615384615385,0.771346689522177,0.4241367500077842,21.0,14.0,345.0,31.0
BOOKKEEPER,5,77.89133942980096,IBK,BEST_FIRST_BACKWARD,UNDERSAMPLING,SENSITIVE_LEARNING,0.23648648648648649,0.6730769230769231,0.6791568459395757,0.2002454795832835,35.0,113.0,246.0,17.0
BOOKKEEPER,5,77.89133942980096,IBK,BEST_FIRST_BACKWARD,UNDERSAMPLING,NONE,0.26515151515151514,0.6730769230769231,0.7324030426398115,0.24302055060100822,35.0,97.0,262.0,17.0
BOOKKEEPER,5,77.89133942980096,IBK,NONE,NONE,SENSITIVE_LEARNING,0.22058823529411764,0.28846153846153844,0.5704146132419113,0.12445559553114943,15.0,53.0,306.0,37.0
BOOKKEEPER,5,77.89133942980096,IBK,NONE,NONE,NONE,0.5384615384615384,0.2692307692307692,0.7377598028712234,0.2999250528037066,14.0,12.0,347.0,38.0
BOOKKEEPER,5,77.89133942980096,IBK,NONE,OVERSAMPLING,SENSITIVE_LEARNING,0.2289156626506024,0.36538461538461536,0.5935558174416113,0.1491046464473993,19.0,64.0,295.0,33.0
BOOKKEEPER,5,77.89133942980096,IBK,NONE,OVERSAMPLING,NONE,0.30158730158730157,0.36538461538461536,0.7080297835868866,0.22268071623314412,19.0,44.0,315.0,33.0
BOOKKEEPER,5,77.89133942980096,IBK,NONE,SMOTE,SENSITIVE_LEARNING,0.25,0.34615384615384615,0.597868009427898,0.1680927408225229,18.0,54.0,305.0,34.0
BOOKKEEPER,5,77.89133942980096,IBK,NONE,SMOTE,NONE,0.5666666666666667,0.3269230769230769,0.7519820012856224,0.35491465567981195,17.0,13.0,346.0,35.0
BOOKKEEPER,5,77.89133942980096,IBK,NONE,UNDERSAMPLING,SENSITIVE_LEARNING,0.2426470588235294,0.6346153846153846,0.6738536533104779,0.20565870350421392,33.0,103.0,256.0,19.0
BOOKKEEPER,5,77.89133942980096,IBK,NONE,UNDERSAMPLING,NONE,0.27049180327868855,0.6346153846153846,0.7351082065566745,0.24543569170094862,33.0,89.0,270.0,19.0
BOOKKEEPER,6,81.3566739606127,IBK,BEST_FIRST_FORWARD,NONE,SENSITIVE_LEARNING,0.16666666666666666,0.25,0.5602331606217616,0.09841269841269822,10.0,50.0,336.0,30.0
BOOKKEEPER,6,81.3566739606127,IBK,BEST_FIRST_FORWARD,NONE,NONE,0.36,0.225,0.7403497409326425,0.2206305955624755,9.0,16.0,370.0,31.0
BOOKKEEPER,6,81.3566739606127,IBK,BEST_FIRST_FORWARD,OVERSAMPLING,SENSITIVE_LEARNING,0.13636363636363635,0.3,0.5515544041450777,0.06704851752021589,12.0,76.0,310.0,28.0
BOOKKEEPER,6,81.3566739606127,IBK,BEST_FIRST_FORWARD,OVERSAMPLING,NONE,0.22,0.275,0.7028497409326425,0.1564356435643566,11.0,39.0,347.0,29.0
BOOKKEEPER,6,81.3566739606127,IBK,BEST_FIRST_FORWARD,SMOTE,SENSITIVE_LEARNING,0.21333333333333335,0.4,0.6235751295336788,0.1775296580600138,16.0,59.0,327.0,24.0
BOOKKEEPER,6,81.3566739606127,IBK,BEST_FIRST_FORWARD,SMOTE,NONE,0.35714285714285715,0.375,0.7775906735751296,0.2983656404408969,15.0,27.0,359.0,25.0
BOOKKEEPER,6,81.3566739606127,IBK,BEST_FIRST_FORWARD,UNDERSAMPLING,SENSITIVE_LEARNING,0.14814814814814814,0.5,0.6010362694300518,0.09788235294117635,20.0,115.0,271.0,20.0
BOOKKEEPER,6,81.3566739606127,IBK,BEST_FIRST_FORWARD,UNDERSAMPLING,NONE,0.1919191919191919,0.475,0.704080310880829,0.1611884430927595,19.0,80.0,306.0,21.0
BOOKKEEPER,6,81.3566739606127,IBK,BEST_FIRST_BACKWARD,NONE,SENSITIVE_LEARNING,0.18461538461538463,0.3,0.5813471502590674,0.1270933468251962,12.0,53.0,333.0,28.0
BOOKKEEPER,6,81.3566739606127,IBK,BEST_FIRST_BACKWARD,NONE,NONE,0.36666666666666664,0.275,0.7444300518134715,0.25426695842450797,11.0,19.0,367.0,29.0
BOOKKEEPER,6,81.3566739606127,IBK,BEST_FIRST_BACKWARD,OVERSAMPLING,SENSITIVE_LEARNING,0.13636363636363635,0.3,0.5515544041450777,0.06704851752021589,12.0,76.0,310.0,28.0
BOOKKEEPER,6,81.3566739606127,IBK,BEST_FIRST_BACKWARD,OVERSAMPLING,NONE,0.22,0.275,0.7028497409326425,0.1564356435643566,11.0,39.0,347.0,29.0
BOOKKEEPER,6,81.3566739606127,IBK,BEST_FIRST_BACKWARD,SMOTE,SENSITIVE_LEARNING,0.21333333333333335,0.4,0.6235751295336788,0.1775296580600138,16.0,59.0,327.0,24.0
BOOKKEEPER,6,81.3566739606127,IBK,BEST_FIRST_BACKWARD,SMOTE,NONE,0.35714285714285715,0.375,0.7775906735751296,0.2983656404408969,15.0,27.0,359.0,25.0
BOOKKEEPER,6,81.3566739606127,IBK,BEST_FIRST_BACKWARD,UNDERSAMPLING,SENSITIVE_LEARNING,0.14705882352941177,0.5,0.5997409326424871,0.09610584123814284,20.0,116.0,270.0,20.0
BOOKKEEPER,6,81.3566739606127,IBK,BEST_FIRST_BACKWARD,UNDERSAMPLING,NONE,0.19,0.475,0.7028173575129534,0.15855925639039498,19.0,81.0,305.0,21.0
BOOKKEEPER,6,81.3566739606127,IBK,NONE,NONE,SENSITIVE_LEARNING,0.22950819672131148,0.35,0.614119170984456,0.18476380223352362,14.0,47.0,339.0,26.0
BOOKKEEPER,6,81.3566739606127,IBK,NONE,NONE,NONE,0.5,0.325,0.7790479274611399,0.34552158549700396,13.0,13.0,373.0,27.0
BOOKKEEPER,6,81.3566739606127,IBK,NONE,OVERSAMPLING,SENSITIVE_LEARNING,0.18181818181818182,0.4,0.6067357512953367,0.13881401617250674,16.0,72.0,314.0,24.0
BOOKKEEPER,6,81.3566739606127,IBK,NONE,OVERSAMPLING,NONE,0.3,0.375,0.741871761658031,0.25567850902737316,15.0,35.0,351.0,25.0
BOOKKEEPER,6,81.3566739606127,IBK,NONE,SMOTE,SENSITIVE_LEARNING,0.22727272727272727,0.375,0.6214378238341969,0.1880830574781822,15.0,51.0,335.0,25.0
BOOKKEEPER,6,81.3566739606127,IBK,NONE,SMOTE,NONE,0.42424242424242425,0.35,0.7833873056994819,0.32637571157495254,14.0,19.0,367.0,26.0
BOOKKEEPER,6,81.3566739606127,IBK,NONE,UNDERSAMPLING,SENSITIVE_LEARNING,0.17142857142857143,0.6,0.649740932642487,0.14123396456933401,24.0,116.0,270.0,16.0
BOOKKEEPER,6,81.3566739606127,IBK,NONE,UNDERSAMPLING,NONE,0.22115384615384615,0.575,0.7394430051813472,0.2126584188292095,23.0,81.0,305.0,17.0
BOOKKEEPER,1,43.67245657568238,RANDOM_FOREST,BEST_FIRST_FORWARD,NONE,SENSITIVE_LEARNING,NaN,0.0,0.5,0.0,0.0,0.0,141.0,86.0
BOOKKEEPER,1,43.67245657568238,RANDOM_FOREST,BEST_FIRST_FORWARD,NONE,NONE,NaN,0.0,0.5,0.0,0.0,0.0,141.0,86.0
BOOKKEEPER,1,43.67245657568238,RANDOM_FOREST,BEST_FIRST_FORWARD,OVERSAMPLING,SENSITIVE_LEARNING,NaN,0.0,0.5,0.0,0.0,0.0,141.0,86.0
BOOKKEEPER,1,43.67245657568238,RANDOM_FOREST,BEST_FIRST_FORWARD,OVERSAMPLING,NONE,NaN,0.0,0.5,0.0,0.0,0.0,141.0,86.0
BOOKKEEPER,1,43.67245657568238,RANDOM_FOREST,BEST_FIRST_FORWARD,SMOTE,SENSITIVE_LEARNING,NaN,0.0,0.5,0.0,0.0,0.0,141.0,86.0
BOOKKEEPER,1,43.67245657568238,RANDOM_FOREST,BEST_FIRST_FORWARD,SMOTE,NONE,NaN,0.0,0.5,0.0,0.0,0.0,141.0,86.0
BOOKKEEPER,1,43.67245657568238,RANDOM_FOREST,BEST_FIRST_FORWARD,UNDERSAMPLING,SENSITIVE_LEARNING,NaN,0.0,0.5,0.0,0.0,0.0,141.0,86.0
BOOKKEEPER,1,43.67245657568238,RANDOM_FOREST,BEST_FIRST_FORWARD,UNDERSAMPLING,NONE,NaN,0.0,0.5,0.0,0.0,0.0,141.0,86.0
BOOKKEEPER,1,43.67245657568238,RANDOM_FOREST,BEST_FIRST_BACKWARD,NONE,SENSITIVE_LEARNING,NaN,0.0,0.5,0.0,0.0,0.0,141.0,86.0
BOOKKEEPER,1,43.67245657568238,RANDOM_FOREST,BEST_FIRST_BACKWARD,NONE,NONE,NaN,0.0,0.5,0.0,0.0,0.0,141.0,86.0
BOOKKEEPER,1,43.67245657568238,RANDOM_FOREST,BEST_FIRST_BACKWARD,OVERSAMPLING,SENSITIVE_LEARNING,NaN,0.0,0.5,0.0,0.0,0.0,141.0,86.0
BOOKKEEPER,1,43.67245657568238,RANDOM_FOREST,BEST_FIRST_BACKWARD,OVERSAMPLING,NONE,NaN,0.0,0.5,0.0,0.0,0.0,141.0,86.0
BOOKKEEPER,1,43.67245657568238,RANDOM_FOREST,BEST_FIRST_BACKWARD,SMOTE,SENSITIVE_LEARNING,NaN,0.0,0.5,0.0,0.0,0.0,141.0,86.0
BOOKKEEPER,1,43.67245657568238,RANDOM_FOREST,BEST_FIRST_BACKWARD,SMOTE,NONE,NaN,0.0,0.5,0.0,0.0,0.0,141.0,86.0
BOOKKEEPER,1,43.67245657568238,RANDOM_FOREST,BEST_FIRST_BACKWARD,UNDERSAMPLING,SENSITIVE_LEARNING,NaN,0.0,0.5,0.0,0.0,0.0,141.0,86.0
BOOKKEEPER,1,43.67245657568238,RANDOM_FOREST,BEST_FIRST_BACKWARD,UNDERSAMPLING,NONE,NaN,0.0,0.5,0.0,0.0,0.0,141.0,86.0
BOOKKEEPER,1,43.67245657568238,RANDOM_FOREST,NONE,NONE,SENSITIVE_LEARNING,NaN,0.0,0.5,0.0,0.0,0.0,141.0,86.0
BOOKKEEPER,1,43.67245657568238,RANDOM_FOREST,NONE,NONE,NONE,NaN,0.0,0.5,0.0,0.0,0.0,141.0,86.0
BOOKKEEPER,1,43.67245657568238,RANDOM_FOREST,NONE,OVERSAMPLING,SENSITIVE_LEARNING,NaN,0.0,0.5,0.0,0.0,0.0,141.0,86.0
BOOKKEEPER,1,43.67245657568238,RANDOM_FOREST,NONE,OVERSAMPLING,NONE,NaN,0.0,0.5,0.0,0.0,0.0,141.0,86.0
BOOKKEEPER,1,43.67245657568238,RANDOM_FOREST,NONE,SMOTE,SENSITIVE_LEARNING,NaN,0.0,0.5,0.0,0.0,0.0,141.0,86.0
BOOKKEEPER,1,43.67245657568238,RANDOM_FOREST,NONE,SMOTE,NONE,NaN,0.0,0.5,0.0,0.0,0.0,141.0,86.0
BOOKKEEPER,1,43.67245657568238,RANDOM_FOREST,NONE,UNDERSAMPLING,SENSITIVE_LEARNING,NaN,0.0,0.5,0.0,0.0,0.0,141.0,86.0
BOOKKEEPER,1,43.67245657568238,RANDOM_FOREST,NONE,UNDERSAMPLING,NONE,NaN,0.0,0.5,0.0,0.0,0.0,141.0,86.0
BOOKKEEPER,2,56.44257703081232,RANDOM_FOREST,BEST_FIRST_FORWARD,NONE,SENSITIVE_LEARNING,0.3220338983050847,0.31666666666666665,0.5786520584329349,0.15830799558956202,19.0,40.0,211.0,41.0
BOOKKEEPER,2,56.44257703081232,RANDOM_FOREST,BEST_FIRST_FORWARD,NONE,NONE,0.3333333333333333,0.016666666666666666,0.6417330677290837,0.013622419799303212,1.0,2.0,249.0,59.0
BOOKKEEPER,2,56.44257703081232,RANDOM_FOREST,BEST_FIRST_FORWARD,OVERSAMPLING,SENSITIVE_LEARNING,0.3382352941176471,0.38333333333333336,0.6020252324037184,0.19419868554095046,23.0,45.0,206.0,37.0
BOOKKEEPER,2,56.44257703081232,RANDOM_FOREST,BEST_FIRST_FORWARD,OVERSAMPLING,NONE,0.2,0.06666666666666667,0.6427622841965471,0.003914590747330844,4.0,16.0,235.0,56.0
BOOKKEEPER,2,56.44257703081232,RANDOM_FOREST,BEST_FIRST_FORWARD,SMOTE,SENSITIVE_LEARNING,0.2976190476190476,0.4166666666666667,0.5908034528552457,0.1576187183033657,25.0,59.0,192.0,35.0
BOOKKEEPER,2,56.44257703081232,RANDOM_FOREST,BEST_FIRST_FORWARD,SMOTE,NONE,0.29411764705882354,0.08333333333333333,0.6317065073041168,0.048842835623317093,5.0,12.0,239.0,55.0
BOOKKEEPER,2,56.44257703081232,RANDOM_FOREST,BEST_FIRST_FORWARD,UNDERSAMPLING,SENSITIVE_LEARNING,0.30701754385964913,0.5833333333333334,0.6342961487383798,0.2000791413167137,35.0,79.0,172.0,25.0
BOOKKEEPER,2,56.44257703081232,RANDOM_FOREST,BEST_FIRST_FORWARD,UNDERSAMPLING,NONE,0.33766233766233766,0.43333333333333335,0.7152058432934927,0.2077501723259507,26.0,51.0,200.0,34.0
BOOKKEEPER,2,56.44257703081232,RANDOM_FOREST,BEST_FIRST_BACKWARD,NONE,SENSITIVE_LEARNING,0.3220338983050847,0.31666666666666665,0.5786520584329349,0.15830799558956202,19.0,40.0,211.0,41.0
BOOKKEEPER,2,56.44257703081232,RANDOM_FOREST,BEST_FIRST_BACKWARD,NONE,NONE,0.3333333333333333,0.016666666666666666,0.6417330677290837,0.013622419799303212,1.0,2.0,249.0,59.0
BOOKKEEPER,2,56.44257703081232,RANDOM_FOREST,BEST_FIRST_BACKWARD,OVERSAMPLING,SENSITIVE_LEARNING,0.3333333333333333,0.38333333333333336,0.6000332005312085,0.18926473821413997,23.0,46.0,205.0,37.0
BOOKKEEPER,2,56.44257703081232,RANDOM_FOREST,BEST_FIRST_BACKWARD,OVERSAMPLING,NONE,0.2727272727272727,0.1,0.6343957503320053,0.04776484996938147,6.0,16.0,235.0,54.0
BOOKKEEPER,2,56.44257703081232,RANDOM_FOREST,BEST_FIRST_BACKWARD,SMOTE,SENSITIVE_LEARNING,0.2976190476190476,0.4166666666666667,0.5908034528552457,0.1576187183033657,25.0,59.0,192.0,35.0
BOOKKEEPER,2,56.44257703081232,RANDOM_FOREST,BEST_FIRST_BACKWARD,SMOTE,NONE,0.29411764705882354,0.08333333333333333,0.6317065073041168,0.048842835623317093,5.0,12.0,239.0,55.0
BOOKKEEPER,2,56.44257703081232,RANDOM_FOREST,BEST_FIRST_BACKWARD,UNDERSAMPLING,SENSITIVE_LEARNING,0.3017241379310345,0.5833333333333334,0.6303120849933599,0.19232653861230878,35.0,81.0,170.0,25.0
BOOKKEEPER,2,56.44257703081232,RANDOM_FOREST,BEST_FIRST_BACKWARD,UNDERSAMPLING,NONE,0.3246753246753247,0.4166666666666667,0.7166666666666667,0.18910899991009092,25.0,52.0,199.0,35.0
BOOKKEEPER,2,56.44257703081232,RANDOM_FOREST,NONE,NONE,SENSITIVE_LEARNING,0.38461538461538464,0.4166666666666667,0.6286520584329349,0.24939662107803684,25.0,40.0,211.0,35.0
BOOKKEEPER,2,56.44257703081232,RANDOM_FOREST,NONE,NONE,NONE,0.4,0.03333333333333333,0.6501660026560425,0.03283201631404516,2.0,3.0,248.0,58.0
BOOKKEEPER,2,56.44257703081232,RANDOM_FOREST,NONE,OVERSAMPLING,SENSITIVE_LEARNING,0.3561643835616438,0.43333333333333335,0.6230411686586985,0.22734104223537718,26.0,47.0,204.0,34.0
BOOKKEEPER,2,56.44257703081232,RANDOM_FOREST,NONE,OVERSAMPLING,NONE,0.21052631578947367,0.06666666666666667,0.650332005312085,0.00933195746780904,4.0,15.0,236.0,56.0
BOOKKEEPER,2,56.44257703081232,RANDOM_FOREST,NONE,SMOTE,SENSITIVE_LEARNING,0.3258426966292135,0.48333333333333334,0.6221447543160691,0.20634341961356178,29.0,60.0,191.0,31.0
BOOKKEEPER,2,56.44257703081232,RANDOM_FOREST,NONE,SMOTE,NONE,0.2857142857142857,0.1,0.6398738379814077,0.05346036787084811,6.0,15.0,236.0,54.0
BOOKKEEPER,2,56.44257703081232,RANDOM_FOREST,NONE,UNDERSAMPLING,SENSITIVE_LEARNING,0.30434782608695654,0.5833333333333334,0.6323041168658698,0.19618461538461548,35.0,80.0,171.0,25.0
BOOKKEEPER,2,56.44257703081232,RANDOM_FOREST,NONE,UNDERSAMPLING,NONE,0.3488372093023256,0.5,0.7396746347941567,0.2377016473807216,30.0,56.0,195.0,30.0
BOOKKEEPER,3,66.66666666666667,RANDOM_FOREST,BEST_FIRST_FORWARD,NONE,SENSITIVE_LEARNING,0.22085889570552147,0.7659574468085106,0.678140013726836,0.17405445278969958,36.0,127.0,183.0,11.0
BOOKKEEPER,3,66.66666666666667,RANDOM_FOREST,BEST_FIRST_FORWARD,NONE,NONE,0.15384615384615385,0.1276595744680851,0.6925188743994509,0.02285841100754536,6.0,33.0,277.0,41.0
BOOKKEEPER,3,66.66666666666667,RANDOM_FOREST,BEST_FIRST_FORWARD,OVERSAMPLING,SENSITIVE_LEARNING,0.20903954802259886,0.7872340425531915,0.6678105696636926,0.1544291804831834,37.0,140.0,170.0,10.0
BOOKKEEPER,3,66.66666666666667,RANDOM_FOREST,BEST_FIRST_FORWARD,OVERSAMPLING,NONE,0.2087912087912088,0.40425531914893614,0.7119423472889499,0.12310866574965597,19.0,72.0,238.0,28.0
BOOKKEEPER,3,66.66666666666667,RANDOM_FOREST,BEST_FIRST_FORWARD,SMOTE,SENSITIVE_LEARNING,0.2046783625730994,0.7446808510638298,0.6529855868222375,0.14438398756315599,35.0,136.0,174.0,12.0
BOOKKEEPER,3,66.66666666666667,RANDOM_FOREST,BEST_FIRST_FORWARD,SMOTE,NONE,0.15,0.19148936170212766,0.6366163349347975,0.024140790564820734,9.0,51.0,259.0,38.0
BOOKKEEPER,3,66.66666666666667,RANDOM_FOREST,BEST_FIRST_FORWARD,UNDERSAMPLING,SENSITIVE_LEARNING,0.19130434782608696,0.9361702127659575,0.6680851063829787,0.1267778798742057,44.0,186.0,124.0,3.0
BOOKKEEPER,3,66.66666666666667,RANDOM_FOREST,BEST_FIRST_FORWARD,UNDERSAMPLING,NONE,0.2251655629139073,0.723404255319149,0.709162663006177,0.17846774764568418,34.0,117.0,193.0,13.0
BOOKKEEPER,3,66.66666666666667,RANDOM_FOREST,BEST_FIRST_BACKWARD,NONE,SENSITIVE_LEARNING,0.225,0.7659574468085106,0.6829787234042554,0.18117874921422394,36.0,124.0,186.0,11.0
BOOKKEEPER,3,66.66666666666667,RANDOM_FOREST,BEST_FIRST_BACKWARD,NONE,NONE,0.12,0.06382978723404255,0.6983870967741935,-0.00890639719105945,3.0,22.0,288.0,44.0
BOOKKEEPER,3,66.66666666666667,RANDOM_FOREST,BEST_FIRST_BACKWARD,OVERSAMPLING,SENSITIVE_LEARNING,0.20903954802259886,0.7872340425531915,0.6678105696636926,0.1544291804831834,37.0,140.0,170.0,10.0
BOOKKEEPER,3,66.66666666666667,RANDOM_FOREST,BEST_FIRST_BACKWARD,OVERSAMPLING,NONE,0.2087912087912088,0.40425531914893614,0.7119423472889499,0.12310866574965597,19.0,72.0,238.0,28.0
BOOKKEEPER,3,66.66666666666667,RANDOM_FOREST,BEST_FIRST_BACKWARD,SMOTE,SENSITIVE_LEARNING,0.2046783625730994,0.7446808510638298,0.6529855868222375,0.14438398756315599,35.0,136.0,174.0,12.0
BOOKKEEPER,3,66.66666666666667,RANDOM_FOREST,BEST_FIRST_BACKWARD,SMOTE,NONE,0.15,0.19148936170212766,0.6366163349347975,0.024140790564820734,9.0,51.0,259.0,38.0
BOOKKEEPER,3,66.66666666666667,RANDOM_FOREST,BEST_FIRST_BACKWARD,UNDERSAMPLING,SENSITIVE_LEARNING,0.19047619047619047,0.9361702127659575,0.6664722031571723,0.12513542795232938,44.0,187.0,123.0,3.0
BOOKKEEPER,3,66.66666666666667,RANDOM_FOREST,BEST_FIRST_BACKWARD,UNDERSAMPLING,NONE,0.20833333333333334,0.6382978723404256,0.6902196293754289,0.14426085524510068,30.0,114.0,196.0,17.0
BOOKKEEPER,3,66.66666666666667,RANDOM_FOREST,NONE,NONE,SENSITIVE_LEARNING,0.2,0.6170212765957447,0.621413864104324,0.12885602942783264,29.0,116.0,194.0,18.0
BOOKKEEPER,3,66.66666666666667,RANDOM_FOREST,NONE,NONE,NONE,0.125,0.0851063829787234,0.6557995881949211,-0.0060329430442548826,4.0,28.0,282.0,43.0
BOOKKEEPER,3,66.66666666666667,RANDOM_FOREST,NONE,OVERSAMPLING,SENSITIVE_LEARNING,0.22289156626506024,0.7872340425531915,0.6855525051475635,0.17893012558532034,37.0,129.0,181.0,10.0
BOOKKEEPER,3,66.66666666666667,RANDOM_FOREST,NONE,OVERSAMPLING,NONE,0.1643835616438356,0.2553191489361702,0.6730267673301304,0.047417866473956155,12.0,61.0,249.0,35.0
BOOKKEEPER,3,66.66666666666667,RANDOM_FOREST,NONE,SMOTE,SENSITIVE_LEARNING,0.1830065359477124,0.5957446808510638,0.5962594371997255,0.09838998211091228,28.0,125.0,185.0,19.0
BOOKKEEPER,3,66.66666666666667,RANDOM_FOREST,NONE,SMOTE,NONE,0.14516129032258066,0.19148936170212766,0.6381949210706932,0.018074656188605206,9.0,53.0,257.0,38.0
BOOKKEEPER,3,66.66666666666667,RANDOM_FOREST,NONE,UNDERSAMPLING,SENSITIVE_LEARNING,0.18333333333333332,0.9361702127659575,0.6519560741249142,0.11083993541846582,44.0,196.0,114.0,3.0
BOOKKEEPER,3,66.66666666666667,RANDOM_FOREST,NONE,UNDERSAMPLING,NONE,0.18571428571428572,0.5531914893617021,0.6531228551818806,0.10082277654433848,26.0,114.0,196.0,21.0
BOOKKEEPER,4,73.96408839779005,RANDOM_FOREST,BEST_FIRST_FORWARD,NONE,SENSITIVE_LEARNING,0.23893805309734514,0.675,0.7099035608308605,0.2326843609300796,27.0,86.0,251.0,13.0
BOOKKEEPER,4,73.96408839779005,RANDOM_FOREST,BEST_FIRST_FORWARD,NONE,NONE,0.4827586206896552,0.35,0.7912462908011869,0.34761321909424725,14.0,15.0,322.0,26.0
BOOKKEEPER,4,73.96408839779005,RANDOM_FOREST,BEST_FIRST_FORWARD,OVERSAMPLING,SENSITIVE_LEARNING,0.2248062015503876,0.725,0.7141320474777448,0.21624557526267488,29.0,100.0,237.0,11.0
BOOKKEEPER,4,73.96408839779005,RANDOM_FOREST,BEST_FIRST_FORWARD,OVERSAMPLING,NONE,0.2625,0.525,0.7439910979228487,0.2428939237899073,21.0,59.0,278.0,19.0
BOOKKEEPER,4,73.96408839779005,RANDOM_FOREST,BEST_FIRST_FORWARD,SMOTE,SENSITIVE_LEARNING,0.23255813953488372,0.75,0.7281157270029673,0.2303672766092933,30.0,99.0,238.0,10.0
BOOKKEEPER,4,73.96408839779005,RANDOM_FOREST,BEST_FIRST_FORWARD,SMOTE,NONE,0.4222222222222222,0.475,0.7841246290801187,0.377078572684127,19.0,26.0,311.0,21.0
BOOKKEEPER,4,73.96408839779005,RANDOM_FOREST,BEST_FIRST_FORWARD,UNDERSAMPLING,SENSITIVE_LEARNING,0.16753926701570682,0.8,0.6640949554896143,0.12321918475914603,32.0,159.0,178.0,8.0
BOOKKEEPER,4,73.96408839779005,RANDOM_FOREST,BEST_FIRST_FORWARD,UNDERSAMPLING,NONE,0.24175824175824176,0.55,0.749146884272997,0.22105588144489063,22.0,69.0,268.0,18.0
BOOKKEEPER,4,73.96408839779005,RANDOM_FOREST,BEST_FIRST_BACKWARD,NONE,SENSITIVE_LEARNING,0.23893805309734514,0.675,0.7099035608308605,0.2326843609300796,27.0,86.0,251.0,13.0
BOOKKEEPER,4,73.96408839779005,RANDOM_FOREST,BEST_FIRST_BACKWARD,NONE,NONE,0.4827586206896552,0.35,0.7912462908011869,0.34761321909424725,14.0,15.0,322.0,26.0
BOOKKEEPER,4,73.96408839779005,RANDOM_FOREST,BEST_FIRST_BACKWARD,OVERSAMPLING,SENSITIVE_LEARNING,0.2248062015503876,0.725,0.7141320474777448,0.21624557526267488,29.0,100.0,237.0,11.0
BOOKKEEPER,4,73.96408839779005,RANDOM_FOREST,BEST_FIRST_BACKWARD,OVERSAMPLING,NONE,0.2625,0.525,0.7439910979228487,0.2428939237899073,21.0,59.0,278.0,19.0
BOOKKEEPER,4,73.96408839779005,RANDOM_FOREST,BEST_FIRST_BACKWARD,SMOTE,SENSITIVE_LEARNING,0.23255813953488372,0.75,0.7281157270029673,0.2303672766092933,30.0,99.0,238.0,10.0
BOOKKEEPER,4,73.96408839779005,RANDOM_FOREST,BEST_FIRST_BACKWARD,SMOTE,NONE,0.4222222222222222,0.475,0.7841246290801187,0.377078572684127,19.0,26.0,311.0,21.0
BOOKKEEPER,4,73.96408839779005,RANDOM_FOREST,BEST_FIRST_BACKWARD,UNDERSAMPLING,SENSITIVE_LEARNING,0.16753926701570682,0.8,0.6640949554896143,0.12321918475914603,32.0,159.0,178.0,8.0
BOOKKEEPER,4,73.96408839779005,RANDOM_FOREST,BEST_FIRST_BACKWARD,UNDERSAMPLING,NONE,0.24175824175824176,0.55,0.749146884272997,0.22105588144489063,22.0,69.0,268.0,18.0
BOOKKEEPER,4,73.96408839779005,RANDOM_FOREST,NONE,NONE,SENSITIVE_LEARNING,0.23931623931623933,0.7,0.7179525222551929,0.23584659535611802,28.0,89.0,248.0,12.0
BOOKKEEPER,4,73.96408839779005,RANDOM_FOREST,NONE,NONE,NONE,0.32,0.2,0.7889094955489614,0.17916018662519406,8.0,17.0,320.0,32.0
BOOKKEEPER,4,73.96408839779005,RANDOM_FOREST,NONE,OVERSAMPLING,SENSITIVE_LEARNING,0.22058823529411764,0.75,0.7177299703264095,0.21163830400922978,30.0,106.0,231.0,10.0
BOOKKEEPER,4,73.96408839779005,RANDOM_FOREST,NONE,OVERSAMPLING,NONE,0.26582278481012656,0.525,0.7467359050445104,0.24684119035882,21.0,58.0,279.0,19.0
BOOKKEEPER,4,73.96408839779005,RANDOM_FOREST,NONE,SMOTE,SENSITIVE_LEARNING,0.2248062015503876,0.725,0.7141320474777448,0.21624557526267488,29.0,100.0,237.0,11.0
BOOKKEEPER,4,73.96408839779005,RANDOM_FOREST,NONE,SMOTE,NONE,0.4583333333333333,0.55,0.7895029673590505,0.43455140441778034,22.0,26.0,311.0,18.0
BOOKKEEPER,4,73.96408839779005,RANDOM_FOREST,NONE,UNDERSAMPLING,SENSITIVE_LEARNING,0.17098445595854922,0.825,0.6751112759643917,0.1304125633623845,33.0,160.0,177.0,7.0
BOOKKEEPER,4,73.96408839779005,RANDOM_FOREST,NONE,UNDERSAMPLING,NONE,0.23076923076923078,0.525,0.7610163204747774,0.20314912009879585,21.0,70.0,267.0,19.0
BOOKKEEPER,5,77.89133942980096,RANDOM_FOREST,BEST_FIRST_FORWARD,NONE,SENSITIVE_LEARNING,0.2882882882882883,0.6153846153846154,0.6976644525391044,0.26619055348157755,32.0,79.0,280.0,20.0
BOOKKEEPER,5,77.89133942980096,RANDOM_FOREST,BEST_FIRST_FORWARD,NONE,NONE,0.7391304347826086,0.3269230769230769,0.7952378401542747,0.40734357964337226,17.0,6.0,353.0,35.0
BOOKKEEPER,5,77.89133942980096,RANDOM_FOREST,BEST_FIRST_FORWARD,OVERSAMPLING,SENSITIVE_LEARNING,0.25925925925925924,0.6730769230769231,0.6972626955217485,0.23449066335546115,35.0,100.0,259.0,17.0
BOOKKEEPER,5,77.89133942980096,RANDOM_FOREST,BEST_FIRST_FORWARD,OVERSAMPLING,NONE,0.35294117647058826,0.46153846153846156,0.753562245553889,0.29956447642491935,24.0,44.0,315.0,28.0
BOOKKEEPER,5,77.89133942980096,RANDOM_FOREST,BEST_FIRST_FORWARD,SMOTE,SENSITIVE_LEARNING,0.29365079365079366,0.7115384615384616,0.7318137990143562,0.28824058347487247,37.0,89.0,270.0,15.0
BOOKKEEPER,5,77.89133942980096,RANDOM_FOREST,BEST_FIRST_FORWARD,SMOTE,NONE,0.6666666666666666,0.34615384615384615,0.7870955646025284,0.4041670880954792,18.0,9.0,350.0,34.0
BOOKKEEPER,5,77.89133942980096,RANDOM_FOREST,BEST_FIRST_FORWARD,UNDERSAMPLING,SENSITIVE_LEARNING,0.19827586206896552,0.8846153846153846,0.683254767516606,0.14778176163117202,46.0,186.0,173.0,6.0
BOOKKEEPER,5,77.89133942980096,RANDOM_FOREST,BEST_FIRST_FORWARD,UNDERSAMPLING,NONE,0.34285714285714286,0.6923076923076923,0.7939522176987358,0.3483127203536853,36.0,69.0,290.0,16.0
BOOKKEEPER,5,77.89133942980096,RANDOM_FOREST,BEST_FIRST_BACKWARD,NONE,SENSITIVE_LEARNING,0.2882882882882883,0.6153846153846154,0.6976644525391044,0.26619055348157755,32.0,79.0,280.0,20.0
BOOKKEEPER,5,77.89133942980096,RANDOM_FOREST,BEST_FIRST_BACKWARD,NONE,NONE,0.7391304347826086,0.3269230769230769,0.7952378401542747,0.40734357964337226,17.0,6.0,353.0,35.0
BOOKKEEPER,5,77.89133942980096,RANDOM_FOREST,BEST_FIRST_BACKWARD,OVERSAMPLING,SENSITIVE_LEARNING,0.25,0.6538461538461539,0.6848617955860296,0.21868069197135795,34.0,102.0,257.0,18.0
BOOKKEEPER,5,77.89133942980096,RANDOM_FOREST,BEST_FIRST_BACKWARD,OVERSAMPLING,NONE,0.3088235294117647,0.40384615384615385,0.7568030854938933,0.2411948494603294,21.0,47.0,312.0,31.0
BOOKKEEPER,5,77.89133942980096,RANDOM_FOREST,BEST_FIRST_BACKWARD,SMOTE,SENSITIVE_LEARNING,0.29365079365079366,0.7115384615384616,0.7318137990143562,0.28824058347487247,37.0,89.0,270.0,15.0
BOOKKEEPER,5,77.89133942980096,RANDOM_FOREST,BEST_FIRST_BACKWARD,SMOTE,NONE,0.6666666666666666,0.34615384615384615,0.7870955646025284,0.4041670880954792,18.0,9.0,350.0,34.0
BOOKKEEPER,5,77.89133942980096,RANDOM_FOREST,BEST_FIRST_BACKWARD,UNDERSAMPLING,SENSITIVE_LEARNING,0.19827586206896552,0.8846153846153846,0.683254767516606,0.14778176163117202,46.0,186.0,173.0,6.0
BOOKKEEPER,5,77.89133942980096,RANDOM_FOREST,BEST_FIRST_BACKWARD,UNDERSAMPLING,NONE,0.34285714285714286,0.6923076923076923,0.7939522176987358,0.3483127203536853,36.0,69.0,290.0,16.0
BOOKKEEPER,5,77.89133942980096,RANDOM_FOREST,NONE,NONE,SENSITIVE_LEARNING,0.31,0.5961538461538461,0.701976644525391,0.28963742510370283,31.0,69.0,290.0,21.0
BOOKKEEPER,5,77.89133942980096,RANDOM_FOREST,NONE,NONE,NONE,0.6,0.23076923076923078,0.7612759802871224,0.2829310846176218,12.0,8.0,351.0,40.0
BOOKKEEPER,5,77.89133942980096,RANDOM_FOREST,NONE,OVERSAMPLING,SENSITIVE_LEARNING,0.27205882352941174,0.7115384615384616,0.7178862224126848,0.25774665737279,37.0,99.0,260.0,15.0
BOOKKEEPER,5,77.89133942980096,RANDOM_FOREST,NONE,OVERSAMPLING,NONE,0.3,0.34615384615384615,0.7316798800085709,0.21501809408926414,18.0,42.0,317.0,34.0
BOOKKEEPER,5,77.89133942980096,RANDOM_FOREST,NONE,SMOTE,SENSITIVE_LEARNING,0.3,0.6923076923076923,0.7291622026998071,0.2939600082457225,36.0,84.0,275.0,16.0
BOOKKEEPER,5,77.89133942980096,RANDOM_FOREST,NONE,SMOTE,NONE,0.6538461538461539,0.3269230769230769,0.7943271909149346,0.38393404646726176,17.0,9.0,350.0,35.0
BOOKKEEPER,5,77.89133942980096,RANDOM_FOREST,NONE,UNDERSAMPLING,SENSITIVE_LEARNING,0.20276497695852536,0.8461538461538461,0.6821298478680095,0.15456126194724454,44.0,173.0,186.0,8.0
BOOKKEEPER,5,77.89133942980096,RANDOM_FOREST,NONE,UNDERSAMPLING,NONE,0.33962264150943394,0.6923076923076923,0.7813906149560745,0.3444003412842676,36.0,70.0,289.0,16.0
BOOKKEEPER,6,81.3566739606127,RANDOM_FOREST,BEST_FIRST_FORWARD,NONE,SENSITIVE_LEARNING,0.22429906542056074,0.6,0.6924870466321243,0.21989567533572543,24.0,83.0,303.0,16.0
BOOKKEEPER,6,81.3566739606127,RANDOM_FOREST,BEST_FIRST_FORWARD,NONE,NONE,0.4444444444444444,0.3,0.7457577720207254,0.30566295201273574,12.0,15.0,371.0,28.0
BOOKKEEPER,6,81.3566739606127,RANDOM_FOREST,BEST_FIRST_FORWARD,OVERSAMPLING,SENSITIVE_LEARNING,0.18518518518518517,0.625,0.6700129533678757,0.1647058823529411,25.0,110.0,276.0,15.0
BOOKKEEPER,6,81.3566739606127,RANDOM_FOREST,BEST_FIRST_FORWARD,OVERSAMPLING,NONE,0.2903225806451613,0.45,0.7283031088082902,0.26956250649485586,18.0,44.0,342.0,22.0
BOOKKEEPER,6,81.3566739606127,RANDOM_FOREST,BEST_FIRST_FORWARD,SMOTE,SENSITIVE_LEARNING,0.2222222222222222,0.6,0.6911917098445596,0.2170269078076756,24.0,84.0,302.0,16.0
BOOKKEEPER,6,81.3566739606127,RANDOM_FOREST,BEST_FIRST_FORWARD,SMOTE,NONE,0.391304347826087,0.45,0.7681347150259067,0.3536836994780918,18.0,28.0,358.0,22.0
BOOKKEEPER,6,81.3566739606127,RANDOM_FOREST,BEST_FIRST_FORWARD,UNDERSAMPLING,SENSITIVE_LEARNING,0.175,0.875,0.7237694300518135,0.16025046382189234,35.0,165.0,221.0,5.0
BOOKKEEPER,6,81.3566739606127,RANDOM_FOREST,BEST_FIRST_FORWARD,UNDERSAMPLING,NONE,0.22772277227722773,0.575,0.7742227979274612,0.22152117877890193,23.0,78.0,308.0,17.0
BOOKKEEPER,6,81.3566739606127,RANDOM_FOREST,BEST_FIRST_BACKWARD,NONE,SENSITIVE_LEARNING,0.22429906542056074,0.6,0.6924870466321243,0.21989567533572543,24.0,83.0,303.0,16.0
BOOKKEEPER,6,81.3566739606127,RANDOM_FOREST,BEST_FIRST_BACKWARD,NONE,NONE,0.4782608695652174,0.275,0.7559585492227979,0.3013041043283464,11.0,12.0,374.0,29.0
BOOKKEEPER,6,81.3566739606127,RANDOM_FOREST,BEST_FIRST_BACKWARD,OVERSAMPLING,SENSITIVE_LEARNING,0.18518518518518517,0.625,0.6700129533678757,0.1647058823529411,25.0,110.0,276.0,15.0
BOOKKEEPER,6,81.3566739606127,RANDOM_FOREST,BEST_FIRST_BACKWARD,OVERSAMPLING,NONE,0.2903225806451613,0.45,0.7283031088082902,0.26956250649485586,18.0,44.0,342.0,22.0
BOOKKEEPER,6,81.3566739606127,RANDOM_FOREST,BEST_FIRST_BACKWARD,SMOTE,SENSITIVE_LEARNING,0.2222222222222222,0.6,0.6911917098445596,0.2170269078076756,24.0,84.0,302.0,16.0
BOOKKEEPER,6,81.3566739606127,RANDOM_FOREST,BEST_FIRST_BACKWARD,SMOTE,NONE,0.391304347826087,0.45,0.7681347150259067,0.3536836994780918,18.0,28.0,358.0,22.0
BOOKKEEPER,6,81.3566739606127,RANDOM_FOREST,BEST_FIRST_BACKWARD,UNDERSAMPLING,SENSITIVE_LEARNING,0.17766497461928935,0.875,0.7276554404145078,0.16501960047886205,35.0,162.0,224.0,5.0
BOOKKEEPER,6,81.3566739606127,RANDOM_FOREST,BEST_FIRST_BACKWARD,UNDERSAMPLING,NONE,0.24509803921568626,0.625,0.7668069948186529,0.25108919972483357,25.0,77.0,309.0,15.0
BOOKKEEPER,6,81.3566739606127,RANDOM_FOREST,NONE,NONE,SENSITIVE_LEARNING,0.22115384615384615,0.575,0.6825777202072539,0.2126584188292095,23.0,81.0,305.0,17.0
BOOKKEEPER,6,81.3566739606127,RANDOM_FOREST,NONE,NONE,NONE,0.4074074074074074,0.275,0.7716968911917098,0.27336820559472375,11.0,16.0,370.0,29.0
BOOKKEEPER,6,81.3566739606127,RANDOM_FOREST,NONE,OVERSAMPLING,SENSITIVE_LEARNING,0.18518518518518517,0.625,0.6700129533678757,0.1647058823529411,25.0,110.0,276.0,15.0
BOOKKEEPER,6,81.3566739606127,RANDOM_FOREST,NONE,OVERSAMPLING,NONE,0.288135593220339,0.425,0.7154792746113989,0.260693116890052,17.0,42.0,344.0,23.0
BOOKKEEPER,6,81.3566739606127,RANDOM_FOREST,NONE,SMOTE,SENSITIVE_LEARNING,0.20689655172413793,0.6,0.6808290155440414,0.19532671050790534,24.0,92.0,294.0,16.0
BOOKKEEPER,6,81.3566739606127,RANDOM_FOREST,NONE,SMOTE,NONE,0.36585365853658536,0.375,0.7549546632124352,0.30423365144430947,15.0,26.0,360.0,25.0
BOOKKEEPER,6,81.3566739606127,RANDOM_FOREST,NONE,UNDERSAMPLING,SENSITIVE_LEARNING,0.17258883248730963,0.85,0.713860103626943,0.15501983521513593,34.0,163.0,223.0,6.0
BOOKKEEPER,6,81.3566739606127,RANDOM_FOREST,NONE,UNDERSAMPLING,NONE,0.25,0.575,0.7789507772020725,0.2503683090522178,23.0,69.0,317.0,17.0
BOOKKEEPER,1,43.67245657568238,NAIVE_BAYES,BEST_FIRST_FORWARD,NONE,SENSITIVE_LEARNING,0.0,0.0,0.49645390070921985,-0.008785820095009377,0.0,1.0,140.0,86.0
BOOKKEEPER,1,43.67245657568238,NAIVE_BAYES,BEST_FIRST_FORWARD,NONE,NONE,NaN,0.0,0.3458271482764308,0.0,0.0,0.0,141.0,86.0
BOOKKEEPER,1,43.67245657568238,NAIVE_BAYES,BEST_FIRST_FORWARD,OVERSAMPLING,SENSITIVE_LEARNING,NaN,0.0,0.5,0.0,0.0,0.0,141.0,86.0
BOOKKEEPER,1,43.67245657568238,NAIVE_BAYES,BEST_FIRST_FORWARD,OVERSAMPLING,NONE,NaN,0.0,0.3210456869536533,0.0,0.0,0.0,141.0,86.0
BOOKKEEPER,1,43.67245657568238,NAIVE_BAYES,BEST_FIRST_FORWARD,SMOTE,SENSITIVE_LEARNING,0.0,0.0,0.49645390070921985,-0.008785820095009377,0.0,1.0,140.0,86.0
BOOKKEEPER,1,43.67245657568238,NAIVE_BAYES,BEST_FIRST_FORWARD,SMOTE,NONE,NaN,0.0,0.3458271482764308,0.0,0.0,0.0,141.0,86.0
BOOKKEEPER,1,43.67245657568238,NAIVE_BAYES,BEST_FIRST_FORWARD,UNDERSAMPLING,SENSITIVE_LEARNING,0.0,0.0,0.49645390070921985,-0.008785820095009377,0.0,1.0,140.0,86.0
BOOKKEEPER,1,43.67245657568238,NAIVE_BAYES,BEST_FIRST_FORWARD,UNDERSAMPLING,NONE,NaN,0.0,0.3458271482764308,0.0,0.0,0.0,141.0,86.0
BOOKKEEPER,1,43.67245657568238,NAIVE_BAYES,BEST_FIRST_BACKWARD,NONE,SENSITIVE_LEARNING,0.0,0.0,0.49645390070921985,-0.008785820095009377,0.0,1.0,140.0,86.0
BOOKKEEPER,1,43.67245657568238,NAIVE_BAYES,BEST_FIRST_BACKWARD,NONE,NONE,NaN,0.0,0.3458271482764308,0.0,0.0,0.0,141.0,86.0
BOOKKEEPER,1,43.67245657568238,NAIVE_BAYES,BEST_FIRST_BACKWARD,OVERSAMPLING,SENSITIVE_LEARNING,NaN,0.0,0.5,0.0,0.0,0.0,141.0,86.0
BOOKKEEPER,1,43.67245657568238,NAIVE_BAYES,BEST_FIRST_BACKWARD,OVERSAMPLING,NONE,NaN,0.0,0.3210456869536533,0.0,0.0,0.0,141.0,86.0
BOOKKEEPER,1,43.67245657568238,NAIVE_BAYES,BEST_FIRST_BACKWARD,SMOTE,SENSITIVE_LEARNING,0.0,0.0,0.49645390070921985,-0.008785820095009377,0.0,1.0,140.0,86.0
BOOKKEEPER,1,43.67245657568238,NAIVE_BAYES,BEST_FIRST_BACKWARD,SMOTE,NONE,NaN,0.0,0.3458271482764308,0.0,0.0,0.0,141.0,86.0
BOOKKEEPER,1,43.67245657568238,NAIVE_BAYES,BEST_FIRST_BACKWARD,UNDERSAMPLING,SENSITIVE_LEARNING,0.0,0.0,0.49645390070921985,-0.008785820095009377,0.0,1.0,140.0,86.0
BOOKKEEPER,1,43.67245657568238,NAIVE_BAYES,BEST_FIRST_BACKWARD,UNDERSAMPLING,NONE,NaN,0.0,0.3458271482764308,0.0,0.0,0.0,141.0,86.0
BOOKKEEPER,1,43.67245657568238,NAIVE_BAYES,NONE,NONE,SENSITIVE_LEARNING,0.06557377049180328,0.046511627906976744,0.3211281543790203,-0.37924553044542564,4.0,57.0,84.0,82.0
BOOKKEEPER,1,43.67245657568238,NAIVE_BAYES,NONE,NONE,NONE,0.06557377049180328,0.046511627906976744,0.19198416625432954,-0.37924553044542564,4.0,57.0,84.0,82.0
BOOKKEEPER,1,43.67245657568238,NAIVE_BAYES,NONE,OVERSAMPLING,SENSITIVE_LEARNING,0.13157894736842105,0.11627906976744186,0.32409698169223156,-0.3599696228166399,10.0,66.0,75.0,76.0
BOOKKEEPER,1,43.67245657568238,NAIVE_BAYES,NONE,OVERSAMPLING,NONE,0.13157894736842105,0.11627906976744186,0.19676727692561438,-0.3599696228166399,10.0,66.0,75.0,76.0
BOOKKEEPER,1,43.67245657568238,NAIVE_BAYES,NONE,SMOTE,SENSITIVE_LEARNING,0.06557377049180328,0.046511627906976744,0.3211281543790203,-0.37924553044542564,4.0,57.0,84.0,82.0
BOOKKEEPER,1,43.67245657568238,NAIVE_BAYES,NONE,SMOTE,NONE,0.06557377049180328,0.046511627906976744,0.19198416625432954,-0.37924553044542564,4.0,57.0,84.0,82.0
BOOKKEEPER,1,43.67245657568238,NAIVE_BAYES,NONE,UNDERSAMPLING,SENSITIVE_LEARNING,0.06557377049180328,0.046511627906976744,0.3211281543790203,-0.37924553044542564,4.0,57.0,84.0,82.0
BOOKKEEPER,1,43.67245657568238,NAIVE_BAYES,NONE,UNDERSAMPLING,NONE,0.06557377049180328,0.046511627906976744,0.19198416625432954,-0.37924553044542564,4.0,57.0,84.0,82.0
BOOKKEEPER,2,56.44257703081232,NAIVE_BAYES,BEST_FIRST_FORWARD,NONE,SENSITIVE_LEARNING,0.1864406779661017,0.18333333333333332,0.49604913678618856,-0.007952153429783934,11.0,48.0,203.0,49.0
BOOKKEEPER,2,56.44257703081232,NAIVE_BAYES,BEST_FIRST_FORWARD,NONE,NONE,0.3157894736842105,0.1,0.36225099601593624,0.06514424155413005,6.0,13.0,238.0,54.0
BOOKKEEPER,2,56.44257703081232,NAIVE_BAYES,BEST_FIRST_FORWARD,OVERSAMPLING,SENSITIVE_LEARNING,0.15018315018315018,0.6833333333333333,0.3795152722443559,-0.10250978065901163,41.0,232.0,19.0,19.0
BOOKKEEPER,2,56.44257703081232,NAIVE_BAYES,BEST_FIRST_FORWARD,OVERSAMPLING,NONE,0.1306122448979592,0.5333333333333333,0.3326029216467464,-0.14507677030020627,32.0,213.0,38.0,28.0
BOOKKEEPER,2,56.44257703081232,NAIVE_BAYES,BEST_FIRST_FORWARD,SMOTE,SENSITIVE_LEARNING,0.14754098360655737,0.3,0.4428286852589641,-0.08207425766169384,18.0,104.0,147.0,42.0
BOOKKEEPER,2,56.44257703081232,NAIVE_BAYES,BEST_FIRST_FORWARD,SMOTE,NONE,0.1518987341772152,0.2,0.375132802124834,-0.05973510326231883,12.0,67.0,184.0,48.0
BOOKKEEPER,2,56.44257703081232,NAIVE_BAYES,BEST_FIRST_FORWARD,UNDERSAMPLING,SENSITIVE_LEARNING,0.4647887323943662,0.55,0.6993027888446215,0.37261413363955176,33.0,38.0,213.0,27.0
BOOKKEEPER,2,56.44257703081232,NAIVE_BAYES,BEST_FIRST_FORWARD,UNDERSAMPLING,NONE,0.4827586206896552,0.4666666666666667,0.7733731739707835,0.35160400833949823,28.0,30.0,221.0,32.0
BOOKKEEPER,2,56.44257703081232,NAIVE_BAYES,BEST_FIRST_BACKWARD,NONE,SENSITIVE_LEARNING,0.1864406779661017,0.18333333333333332,0.49604913678618856,-0.007952153429783934,11.0,48.0,203.0,49.0
BOOKKEEPER,2,56.44257703081232,NAIVE_BAYES,BEST_FIRST_BACKWARD,NONE,NONE,0.3157894736842105,0.1,0.36225099601593624,0.06514424155413005,6.0,13.0,238.0,54.0
BOOKKEEPER,2,56.44257703081232,NAIVE_BAYES,BEST_FIRST_BACKWARD,OVERSAMPLING,SENSITIVE_LEARNING,0.14963503649635038,0.6833333333333333,0.3775232403718459,-0.10392427529086969,41.0,233.0,18.0,19.0
BOOKKEEPER,2,56.44257703081232,NAIVE_BAYES,BEST_FIRST_BACKWARD,OVERSAMPLING,NONE,0.1306122448979592,0.5333333333333333,0.33240371845949535,-0.14507677030020627,32.0,213.0,38.0,28.0
BOOKKEEPER,2,56.44257703081232,NAIVE_BAYES,BEST_FIRST_BACKWARD,SMOTE,SENSITIVE_LEARNING,0.14754098360655737,0.3,0.4428286852589641,-0.08207425766169384,18.0,104.0,147.0,42.0
BOOKKEEPER,2,56.44257703081232,NAIVE_BAYES,BEST_FIRST_BACKWARD,SMOTE,NONE,0.1518987341772152,0.2,0.375132802124834,-0.05973510326231883,12.0,67.0,184.0,48.0
BOOKKEEPER,2,56.44257703081232,NAIVE_BAYES,BEST_FIRST_BACKWARD,UNDERSAMPLING,SENSITIVE_LEARNING,0.4647887323943662,0.55,0.6993027888446215,0.37261413363955176,33.0,38.0,213.0,27.0
BOOKKEEPER,2,56.44257703081232,NAIVE_BAYES,BEST_FIRST_BACKWARD,UNDERSAMPLING,NONE,0.4827586206896552,0.4666666666666667,0.7733067729083666,0.35160400833949823,28.0,30.0,221.0,32.0
BOOKKEEPER,2,56.44257703081232,NAIVE_BAYES,NONE,NONE,SENSITIVE_LEARNING,0.13025210084033614,0.5166666666666667,0.3459827357237716,-0.14470195576905084,31.0,207.0,44.0,29.0
BOOKKEEPER,2,56.44257703081232,NAIVE_BAYES,NONE,NONE,NONE,0.1532258064516129,0.31666666666666665,0.3743691899070385,-0.07231248819195163,19.0,105.0,146.0,41.0
BOOKKEEPER,2,56.44257703081232,NAIVE_BAYES,NONE,OVERSAMPLING,SENSITIVE_LEARNING,0.15129151291512916,0.6833333333333333,0.38349933598937586,-0.09965777253944139,41.0,230.0,21.0,19.0
BOOKKEEPER,2,56.44257703081232,NAIVE_BAYES,NONE,OVERSAMPLING,NONE,0.13877551020408163,0.5666666666666667,0.39385790172642765,-0.12607134672675885,34.0,211.0,40.0,26.0
BOOKKEEPER,2,56.44257703081232,NAIVE_BAYES,NONE,SMOTE,SENSITIVE_LEARNING,0.13725490196078433,0.5833333333333334,0.35341965471447545,-0.13107696875231947,35.0,220.0,31.0,25.0
BOOKKEEPER,2,56.44257703081232,NAIVE_BAYES,NONE,SMOTE,NONE,0.17543859649122806,0.5,0.3965139442231076,-0.036242473841117694,30.0,141.0,110.0,30.0
BOOKKEEPER,2,56.44257703081232,NAIVE_BAYES,NONE,UNDERSAMPLING,SENSITIVE_LEARNING,0.45454545454545453,0.4166666666666667,0.6485723771580345,0.30687467855306017,25.0,30.0,221.0,35.0
BOOKKEEPER,2,56.44257703081232,NAIVE_BAYES,NONE,UNDERSAMPLING,NONE,0.45098039215686275,0.38333333333333336,0.6371845949535192,0.28822928770113715,23.0,28.0,223.0,37.0
BOOKKEEPER,3,66.66666666666667,NAIVE_BAYES,BEST_FIRST_FORWARD,NONE,SENSITIVE_LEARNING,0.0,0.0,0.4774193548387097,-0.06431748203900071,0.0,14.0,296.0,47.0
BOOKKEEPER,3,66.66666666666667,NAIVE_BAYES,BEST_FIRST_FORWARD,NONE,NONE,0.0,0.0,0.772031571722718,-0.06050103970690149,0.0,13.0,297.0,47.0
BOOKKEEPER,3,66.66666666666667,NAIVE_BAYES,BEST_FIRST_FORWARD,OVERSAMPLING,SENSITIVE_LEARNING,0.12320916905444126,0.9148936170212766,0.4638984214138641,-0.019379916364239257,43.0,306.0,4.0,4.0
BOOKKEEPER,3,66.66666666666667,NAIVE_BAYES,BEST_FIRST_FORWARD,OVERSAMPLING,NONE,0.09090909090909091,0.02127659574468085,0.6372683596431022,-0.016266775111834265,1.0,10.0,300.0,46.0
BOOKKEEPER,3,66.66666666666667,NAIVE_BAYES,BEST_FIRST_FORWARD,SMOTE,SENSITIVE_LEARNING,0.22608695652173913,0.5531914893617021,0.6330473575840768,0.16489452194624007,26.0,89.0,221.0,21.0
BOOKKEEPER,3,66.66666666666667,NAIVE_BAYES,BEST_FIRST_FORWARD,SMOTE,NONE,1.0,0.0425531914893617,0.7856554564172958,0.07165559086969084,2.0,0.0,310.0,45.0
BOOKKEEPER,3,66.66666666666667,NAIVE_BAYES,BEST_FIRST_FORWARD,UNDERSAMPLING,SENSITIVE_LEARNING,0.2926829268292683,0.2553191489361702,0.580885380919698,0.17103258108990638,12.0,29.0,281.0,35.0
BOOKKEEPER,3,66.66666666666667,NAIVE_BAYES,BEST_FIRST_FORWARD,UNDERSAMPLING,NONE,0.3333333333333333,0.2127659574468085,0.7269045984900481,0.175118569865013,10.0,20.0,290.0,37.0
BOOKKEEPER,3,66.66666666666667,NAIVE_BAYES,BEST_FIRST_BACKWARD,NONE,SENSITIVE_LEARNING,0.06666666666666667,0.02127659574468085,0.4880576527110501,-0.033584250144759395,1.0,14.0,296.0,46.0
BOOKKEEPER,3,66.66666666666667,NAIVE_BAYES,BEST_FIRST_BACKWARD,NONE,NONE,0.07142857142857142,0.02127659574468085,0.7703157172271792,-0.029421826890181135,1.0,13.0,297.0,46.0
BOOKKEEPER,3,66.66666666666667,NAIVE_BAYES,BEST_FIRST_BACKWARD,OVERSAMPLING,SENSITIVE_LEARNING,0.12320916905444126,0.9148936170212766,0.4638984214138641,-0.019379916364239257,43.0,306.0,4.0,4.0
BOOKKEEPER,3,66.66666666666667,NAIVE_BAYES,BEST_FIRST_BACKWARD,OVERSAMPLING,NONE,0.09090909090909091,0.02127659574468085,0.6372683596431022,-0.016266775111834265,1.0,10.0,300.0,46.0
BOOKKEEPER,3,66.66666666666667,NAIVE_BAYES,BEST_FIRST_BACKWARD,SMOTE,SENSITIVE_LEARNING,0.22608695652173913,0.5531914893617021,0.6330473575840768,0.16489452194624007,26.0,89.0,221.0,21.0
BOOKKEEPER,3,66.66666666666667,NAIVE_BAYES,BEST_FIRST_BACKWARD,SMOTE,NONE,1.0,0.0425531914893617,0.7856554564172958,0.07165559086969084,2.0,0.0,310.0,45.0
BOOKKEEPER,3,66.66666666666667,NAIVE_BAYES,BEST_FIRST_BACKWARD,UNDERSAMPLING,SENSITIVE_LEARNING,0.2926829268292683,0.2553191489361702,0.580885380919698,0.17103258108990638,12.0,29.0,281.0,35.0
BOOKKEEPER,3,66.66666666666667,NAIVE_BAYES,BEST_FIRST_BACKWARD,UNDERSAMPLING,NONE,0.3333333333333333,0.2127659574468085,0.7282086479066575,0.175118569865013,10.0,20.0,290.0,37.0
BOOKKEEPER,3,66.66666666666667,NAIVE_BAYES,NONE,NONE,SENSITIVE_LEARNING,0.0,0.0,0.4774193548387097,-0.06431748203900071,0.0,14.0,296.0,47.0
BOOKKEEPER,3,66.66666666666667,NAIVE_BAYES,NONE,NONE,NONE,0.0,0.0,0.7440631434454358,-0.06050103970690149,0.0,13.0,297.0,47.0
BOOKKEEPER,3,66.66666666666667,NAIVE_BAYES,NONE,OVERSAMPLING,SENSITIVE_LEARNING,0.0625,0.02127659574468085,0.48644474948524363,-0.03764235002620628,1.0,15.0,295.0,46.0
BOOKKEEPER,3,66.66666666666667,NAIVE_BAYES,NONE,OVERSAMPLING,NONE,0.06666666666666667,0.02127659574468085,0.6772477693891558,-0.033584250144759395,1.0,14.0,296.0,46.0
BOOKKEEPER,3,66.66666666666667,NAIVE_BAYES,NONE,SMOTE,SENSITIVE_LEARNING,0.06666666666666667,0.02127659574468085,0.4880576527110501,-0.033584250144759395,1.0,14.0,296.0,46.0
BOOKKEEPER,3,66.66666666666667,NAIVE_BAYES,NONE,SMOTE,NONE,0.0,0.0,0.7421757035003431,-0.06431748203900071,0.0,14.0,296.0,47.0
BOOKKEEPER,3,66.66666666666667,NAIVE_BAYES,NONE,UNDERSAMPLING,SENSITIVE_LEARNING,0.14285714285714285,0.06382978723404255,0.5028826355525051,0.007532956685498511,3.0,18.0,292.0,44.0
BOOKKEEPER,3,66.66666666666667,NAIVE_BAYES,NONE,UNDERSAMPLING,NONE,0.15,0.06382978723404255,0.728448867536033,0.01188801669767292,3.0,17.0,293.0,44.0
BOOKKEEPER,4,73.96408839779005,NAIVE_BAYES,BEST_FIRST_FORWARD,NONE,SENSITIVE_LEARNING,0.5714285714285714,0.1,0.5455489614243323,0.14313188414243272,4.0,3.0,334.0,36.0
BOOKKEEPER,4,73.96408839779005,NAIVE_BAYES,BEST_FIRST_FORWARD,NONE,NONE,0.6666666666666666,0.1,0.8529302670623146,0.15039734313841718,4.0,2.0,335.0,36.0
BOOKKEEPER,4,73.96408839779005,NAIVE_BAYES,BEST_FIRST_FORWARD,OVERSAMPLING,SENSITIVE_LEARNING,0.36,0.225,0.5887611275964392,0.21266385247722686,9.0,16.0,321.0,31.0
BOOKKEEPER,4,73.96408839779005,NAIVE_BAYES,BEST_FIRST_FORWARD,OVERSAMPLING,NONE,0.3125,0.125,0.7810459940652819,0.12555465913674901,5.0,11.0,326.0,35.0
BOOKKEEPER,4,73.96408839779005,NAIVE_BAYES,BEST_FIRST_FORWARD,SMOTE,SENSITIVE_LEARNING,0.5263157894736842,0.25,0.6116468842729971,0.29049847994981437,10.0,9.0,328.0,30.0
BOOKKEEPER,4,73.96408839779005,NAIVE_BAYES,BEST_FIRST_FORWARD,SMOTE,NONE,0.6363636363636364,0.175,0.8868694362017804,0.23971221453098604,7.0,4.0,333.0,33.0
BOOKKEEPER,4,73.96408839779005,NAIVE_BAYES,BEST_FIRST_FORWARD,UNDERSAMPLING,SENSITIVE_LEARNING,0.3333333333333333,0.15,0.5571958456973294,0.1509840399490845,6.0,12.0,325.0,34.0
BOOKKEEPER,4,73.96408839779005,NAIVE_BAYES,BEST_FIRST_FORWARD,UNDERSAMPLING,NONE,0.21428571428571427,0.075,0.793026706231454,0.05936168000831695,3.0,11.0,326.0,37.0
BOOKKEEPER,4,73.96408839779005,NAIVE_BAYES,BEST_FIRST_BACKWARD,NONE,SENSITIVE_LEARNING,0.5714285714285714,0.1,0.5455489614243323,0.14313188414243272,4.0,3.0,334.0,36.0
BOOKKEEPER,4,73.96408839779005,NAIVE_BAYES,BEST_FIRST_BACKWARD,NONE,NONE,0.6666666666666666,0.1,0.8529302670623146,0.15039734313841718,4.0,2.0,335.0,36.0
BOOKKEEPER,4,73.96408839779005,NAIVE_BAYES,BEST_FIRST_BACKWARD,OVERSAMPLING,SENSITIVE_LEARNING,0.36,0.225,0.5887611275964392,0.21266385247722686,9.0,16.0,321.0,31.0
BOOKKEEPER,4,73.96408839779005,NAIVE_BAYES,BEST_FIRST_BACKWARD,OVERSAMPLING,NONE,0.3125,0.125,0.7810459940652819,0.12555465913674901,5.0,11.0,326.0,35.0
BOOKKEEPER,4,73.96408839779005,NAIVE_BAYES,BEST_FIRST_BACKWARD,SMOTE,SENSITIVE_LEARNING,0.5263157894736842,0.25,0.6116468842729971,0.29049847994981437,10.0,9.0,328.0,30.0
BOOKKEEPER,4,73.96408839779005,NAIVE_BAYES,BEST_FIRST_BACKWARD,SMOTE,NONE,0.6363636363636364,0.175,0.8868694362017804,0.23971221453098604,7.0,4.0,333.0,33.0
BOOKKEEPER,4,73.96408839779005,NAIVE_BAYES,BEST_FIRST_BACKWARD,UNDERSAMPLING,SENSITIVE_LEARNING,0.3333333333333333,0.15,0.5571958456973294,0.1509840399490845,6.0,12.0,325.0,34.0
BOOKKEEPER,4,73.96408839779005,NAIVE_BAYES,BEST_FIRST_BACKWARD,UNDERSAMPLING,NONE,0.21428571428571427,0.075,0.793026706231454,0.05936168000831695,3.0,11.0,326.0,37.0
BOOKKEEPER,4,73.96408839779005,NAIVE_BAYES,NONE,NONE,SENSITIVE_LEARNING,0.2,0.025,0.5065652818991098,0.021370359191065478,1.0,4.0,333.0,39.0
BOOKKEEPER,4,73.96408839779005,NAIVE_BAYES,NONE,NONE,NONE,0.2,0.025,0.880526706231454,0.021370359191065478,1.0,4.0,333.0,39.0
BOOKKEEPER,4,73.96408839779005,NAIVE_BAYES,NONE,OVERSAMPLING,SENSITIVE_LEARNING,0.4,0.1,0.5410979228486646,0.12277008310249281,4.0,6.0,331.0,36.0
BOOKKEEPER,4,73.96408839779005,NAIVE_BAYES,NONE,OVERSAMPLING,NONE,0.25,0.05,0.7985905044510386,0.049725022914757354,2.0,6.0,331.0,38.0
BOOKKEEPER,4,73.96408839779005,NAIVE_BAYES,NONE,SMOTE,SENSITIVE_LEARNING,0.5,0.125,0.5550816023738873,0.16454293628808825,5.0,5.0,332.0,35.0
BOOKKEEPER,4,73.96408839779005,NAIVE_BAYES,NONE,SMOTE,NONE,0.42857142857142855,0.075,0.8807121661721068,0.09918992948307041,3.0,4.0,333.0,37.0
BOOKKEEPER,4,73.96408839779005,NAIVE_BAYES,NONE,UNDERSAMPLING,SENSITIVE_LEARNING,0.3333333333333333,0.1,0.5381305637982196,0.11027676464278074,4.0,8.0,329.0,36.0
BOOKKEEPER,4,73.96408839779005,NAIVE_BAYES,NONE,UNDERSAMPLING,NONE,0.4444444444444444,0.1,0.8008902077151335,0.12933025404157036,4.0,5.0,332.0,36.0
BOOKKEEPER,5,77.89133942980096,NAIVE_BAYES,BEST_FIRST_FORWARD,NONE,SENSITIVE_LEARNING,0.4,0.038461538461538464,0.5150524962502678,0.049067970489370054,2.0,3.0,356.0,50.0
BOOKKEEPER,5,77.89133942980096,NAIVE_BAYES,BEST_FIRST_FORWARD,NONE,NONE,0.3333333333333333,0.019230769230769232,0.7842029140775659,0.022877136320818853,1.0,2.0,357.0,51.0
BOOKKEEPER,5,77.89133942980096,NAIVE_BAYES,BEST_FIRST_FORWARD,OVERSAMPLING,SENSITIVE_LEARNING,0.4,0.038461538461538464,0.5150524962502678,0.049067970489370054,2.0,3.0,356.0,50.0
BOOKKEEPER,5,77.89133942980096,NAIVE_BAYES,BEST_FIRST_FORWARD,OVERSAMPLING,NONE,0.5,0.038461538461538464,0.7836672380544247,0.054336283185841,2.0,2.0,357.0,50.0
BOOKKEEPER,5,77.89133942980096,NAIVE_BAYES,BEST_FIRST_FORWARD,SMOTE,SENSITIVE_LEARNING,0.6666666666666666,0.23076923076923078,0.6070280694236126,0.2971224626366275,12.0,6.0,353.0,40.0
BOOKKEEPER,5,77.89133942980096,NAIVE_BAYES,BEST_FIRST_FORWARD,SMOTE,NONE,0.6153846153846154,0.15384615384615385,0.8669112920505678,0.2059693253952612,8.0,5.0,354.0,44.0
BOOKKEEPER,5,77.89133942980096,NAIVE_BAYES,BEST_FIRST_FORWARD,UNDERSAMPLING,SENSITIVE_LEARNING,0.4,0.34615384615384615,0.6354724662524105,0.2874925398584703,18.0,27.0,332.0,34.0
BOOKKEEPER,5,77.89133942980096,NAIVE_BAYES,BEST_FIRST_FORWARD,UNDERSAMPLING,NONE,0.37142857142857144,0.25,0.7049228626526677,0.2193853722327738,13.0,22.0,337.0,39.0
BOOKKEEPER,5,77.89133942980096,NAIVE_BAYES,BEST_FIRST_BACKWARD,NONE,SENSITIVE_LEARNING,0.4,0.038461538461538464,0.5150524962502678,0.049067970489370054,2.0,3.0,356.0,50.0
BOOKKEEPER,5,77.89133942980096,NAIVE_BAYES,BEST_FIRST_BACKWARD,NONE,NONE,0.3333333333333333,0.019230769230769232,0.7842029140775659,0.022877136320818853,1.0,2.0,357.0,51.0
BOOKKEEPER,5,77.89133942980096,NAIVE_BAYES,BEST_FIRST_BACKWARD,OVERSAMPLING,SENSITIVE_LEARNING,0.5,0.057692307692307696,0.5246678808656524,0.07934866890669466,3.0,3.0,356.0,49.0
BOOKKEEPER,5,77.89133942980096,NAIVE_BAYES,BEST_FIRST_BACKWARD,OVERSAMPLING,NONE,0.5,0.038461538461538464,0.7831851296335977,0.054336283185841,2.0,2.0,357.0,50.0
BOOKKEEPER,5,77.89133942980096,NAIVE_BAYES,BEST_FIRST_BACKWARD,SMOTE,SENSITIVE_LEARNING,0.6666666666666666,0.23076923076923078,0.6070280694236126,0.2971224626366275,12.0,6.0,353.0,40.0
BOOKKEEPER,5,77.89133942980096,NAIVE_BAYES,BEST_FIRST_BACKWARD,SMOTE,NONE,0.6153846153846154,0.15384615384615385,0.8669112920505678,0.2059693253952612,8.0,5.0,354.0,44.0
BOOKKEEPER,5,77.89133942980096,NAIVE_BAYES,BEST_FIRST_BACKWARD,UNDERSAMPLING,SENSITIVE_LEARNING,0.4,0.34615384615384615,0.6354724662524105,0.2874925398584703,18.0,27.0,332.0,34.0
BOOKKEEPER,5,77.89133942980096,NAIVE_BAYES,BEST_FIRST_BACKWARD,UNDERSAMPLING,NONE,0.37142857142857144,0.25,0.7049228626526677,0.2193853722327738,13.0,22.0,337.0,39.0
BOOKKEEPER,5,77.89133942980096,NAIVE_BAYES,NONE,NONE,SENSITIVE_LEARNING,0.4,0.038461538461538464,0.5150524962502678,0.049067970489370054,2.0,3.0,356.0,50.0
BOOKKEEPER,5,77.89133942980096,NAIVE_BAYES,NONE,NONE,NONE,0.4,0.038461538461538464,0.8608045853867581,0.049067970489370054,2.0,3.0,356.0,50.0
BOOKKEEPER,5,77.89133942980096,NAIVE_BAYES,NONE,OVERSAMPLING,SENSITIVE_LEARNING,0.4,0.038461538461538464,0.5150524962502678,0.049067970489370054,2.0,3.0,356.0,50.0
BOOKKEEPER,5,77.89133942980096,NAIVE_BAYES,NONE,OVERSAMPLING,NONE,0.4,0.038461538461538464,0.8543764731090636,0.049067970489370054,2.0,3.0,356.0,50.0
BOOKKEEPER,5,77.89133942980096,NAIVE_BAYES,NONE,SMOTE,SENSITIVE_LEARNING,0.6666666666666666,0.11538461538461539,0.5535140347118063,0.16556867619639545,6.0,3.0,356.0,46.0
BOOKKEEPER,5,77.89133942980096,NAIVE_BAYES,NONE,SMOTE,NONE,0.625,0.09615384615384616,0.8643936147418042,0.13756924626489891,5.0,3.0,356.0,47.0
BOOKKEEPER,5,77.89133942980096,NAIVE_BAYES,NONE,UNDERSAMPLING,SENSITIVE_LEARNING,0.5625,0.17307692307692307,0.5767891579172916,0.21815553188251433,9.0,7.0,352.0,43.0
BOOKKEEPER,5,77.89133942980096,NAIVE_BAYES,NONE,UNDERSAMPLING,NONE,0.5714285714285714,0.15384615384615385,0.7936308120848511,0.1994546162835997,8.0,6.0,353.0,44.0
BOOKKEEPER,6,81.3566739606127,NAIVE_BAYES,BEST_FIRST_FORWARD,NONE,SENSITIVE_LEARNING,0.3333333333333333,0.05,0.5198186528497409,0.06403013182674218,2.0,4.0,382.0,38.0
BOOKKEEPER,6,81.3566739606127,NAIVE_BAYES,BEST_FIRST_FORWARD,NONE,NONE,0.5,0.05,0.7892163212435234,0.0751194094659142,2.0,2.0,384.0,38.0
BOOKKEEPER,6,81.3566739606127,NAIVE_BAYES,BEST_FIRST_FORWARD,OVERSAMPLING,SENSITIVE_LEARNING,0.5714285714285714,0.1,0.5461139896373057,0.14633645051895994,4.0,3.0,383.0,36.0
BOOKKEEPER,6,81.3566739606127,NAIVE_BAYES,BEST_FIRST_FORWARD,OVERSAMPLING,NONE,0.5,0.075,0.7764896373056995,0.10860012554927786,3.0,3.0,383.0,37.0
BOOKKEEPER,6,81.3566739606127,NAIVE_BAYES,BEST_FIRST_FORWARD,SMOTE,SENSITIVE_LEARNING,0.5333333333333333,0.2,0.5909326424870466,0.2526315789473686,8.0,7.0,379.0,32.0
BOOKKEEPER,6,81.3566739606127,NAIVE_BAYES,BEST_FIRST_FORWARD,SMOTE,NONE,0.5384615384615384,0.175,0.7996113989637306,0.22861918469681472,7.0,6.0,380.0,33.0
BOOKKEEPER,6,81.3566739606127,NAIVE_BAYES,BEST_FIRST_FORWARD,UNDERSAMPLING,SENSITIVE_LEARNING,0.4375,0.175,0.5758419689119171,0.2074769666902907,7.0,9.0,377.0,33.0
BOOKKEEPER,6,81.3566739606127,NAIVE_BAYES,BEST_FIRST_FORWARD,UNDERSAMPLING,NONE,0.4666666666666667,0.175,0.7187176165803109,0.21430499325236224,7.0,8.0,378.0,33.0
BOOKKEEPER,6,81.3566739606127,NAIVE_BAYES,BEST_FIRST_BACKWARD,NONE,SENSITIVE_LEARNING,0.6666666666666666,0.1,0.5474093264248705,0.1531701192718146,4.0,2.0,384.0,36.0
BOOKKEEPER,6,81.3566739606127,NAIVE_BAYES,BEST_FIRST_BACKWARD,NONE,NONE,0.3333333333333333,0.025,0.7818976683937824,0.03385330235645547,1.0,2.0,384.0,39.0
BOOKKEEPER,6,81.3566739606127,NAIVE_BAYES,BEST_FIRST_BACKWARD,OVERSAMPLING,SENSITIVE_LEARNING,0.5714285714285714,0.1,0.5461139896373057,0.14633645051895994,4.0,3.0,383.0,36.0
BOOKKEEPER,6,81.3566739606127,NAIVE_BAYES,BEST_FIRST_BACKWARD,OVERSAMPLING,NONE,0.5,0.075,0.7764896373056995,0.10860012554927786,3.0,3.0,383.0,37.0
BOOKKEEPER,6,81.3566739606127,NAIVE_BAYES,BEST_FIRST_BACKWARD,SMOTE,SENSITIVE_LEARNING,0.5333333333333333,0.2,0.5909326424870466,0.2526315789473686,8.0,7.0,379.0,32.0
BOOKKEEPER,6,81.3566739606127,NAIVE_BAYES,BEST_FIRST_BACKWARD,SMOTE,NONE,0.5384615384615384,0.175,0.7996113989637306,0.22861918469681472,7.0,6.0,380.0,33.0
BOOKKEEPER,6,81.3566739606127,NAIVE_BAYES,BEST_FIRST_BACKWARD,UNDERSAMPLING,SENSITIVE_LEARNING,0.4444444444444444,0.2,0.5870466321243524,0.2310469314079421,8.0,10.0,376.0,32.0
BOOKKEEPER,6,81.3566739606127,NAIVE_BAYES,BEST_FIRST_BACKWARD,UNDERSAMPLING,NONE,0.4666666666666667,0.175,0.7169365284974093,0.21430499325236224,7.0,8.0,378.0,33.0
BOOKKEEPER,6,81.3566739606127,NAIVE_BAYES,NONE,NONE,SENSITIVE_LEARNING,0.6666666666666666,0.1,0.5474093264248705,0.1531701192718146,4.0,2.0,384.0,36.0
BOOKKEEPER,6,81.3566739606127,NAIVE_BAYES,NONE,NONE,NONE,0.5,0.05,0.814410621761658,0.0751194094659142,2.0,2.0,384.0,38.0
BOOKKEEPER,6,81.3566739606127,NAIVE_BAYES,NONE,OVERSAMPLING,SENSITIVE_LEARNING,0.625,0.125,0.5586139896373057,0.18275444264943463,5.0,3.0,383.0,35.0
BOOKKEEPER,6,81.3566739606127,NAIVE_BAYES,NONE,OVERSAMPLING,NONE,0.6666666666666666,0.1,0.8149611398963731,0.1531701192718146,4.0,2.0,384.0,36.0
BOOKKEEPER,6,81.3566739606127,NAIVE_BAYES,NONE,SMOTE,SENSITIVE_LEARNING,0.5833333333333334,0.175,0.5810233160621762,0.23612684031710102,7.0,5.0,381.0,33.0
BOOKKEEPER,6,81.3566739606127,NAIVE_BAYES,NONE,SMOTE,NONE,0.625,0.125,0.8011010362694301,0.18275444264943463,5.0,3.0,383.0,35.0
BOOKKEEPER,6,81.3566739606127,NAIVE_BAYES,NONE,UNDERSAMPLING,SENSITIVE_LEARNING,0.5333333333333333,0.2,0.5909326424870466,0.2526315789473686,8.0,7.0,379.0,32.0
BOOKKEEPER,6,81.3566739606127,NAIVE_BAYES,NONE,UNDERSAMPLING,NONE,0.5384615384615384,0.175,0.7689443005181347,0.22861918469681472,7.0,6.0,380.0,33.0
